"student_id","student_name","module","assessment_number","score","progress_in_semester"
"1000","Abdula Murphy","CS161","1","95.42","0"
"1000","Abdula Murphy","CS161","2","59.92","0"
"1000","Abdula Murphy","CS161","3","61.04","0"
"1000","Abdula Murphy","CS161","4","69.97","0"
"1000","Abdula Murphy","CS161","5","77.94","0"
"1000","Abdula Murphy","CS161","6","42.9","1"
"1000","Abdula Murphy","CS161","7","93.15","1"
"1000","Abdula Murphy","CS161","8","77.46","1"
"1000","Abdula Murphy","CS161","9","66.93","1"
"1000","Abdula Murphy","CS161","10","60.7","1"
"1000","Abdula Murphy","CS161","11","57.27","1"
"1000","Abdula Murphy","CS161","12","57.96","0"
"1000","Abdula Murphy","CS210","1","95.42","0"
"1000","Abdula Murphy","CS210","2","59.92","0"
"1000","Abdula Murphy","CS210","3","61.04","0"
"1000","Abdula Murphy","CS210","4","69.97","1"
"1000","Abdula Murphy","CS210","5","77.94","1"
"1000","Abdula Murphy","CS210","6","42.9","1"
"1000","Abdula Murphy","CS210","7","93.15","1"
"1000","Abdula Murphy","CS210","8","77.46","1"
"1001","Ben Murphy","CS161","1","61.48","0"
"1001","Ben Murphy","CS161","2","39.45","0"
"1001","Ben Murphy","CS161","3","60.95","0"
"1001","Ben Murphy","CS161","4","75.13","0"
"1001","Ben Murphy","CS161","5","0","0"
"1001","Ben Murphy","CS161","6","83.25","1"
"1001","Ben Murphy","CS161","7","54.52","1"
"1001","Ben Murphy","CS161","8","40.51","1"
"1001","Ben Murphy","CS161","9","0","1"
"1001","Ben Murphy","CS161","10","73.57","1"
"1001","Ben Murphy","CS161","11","73.81","1"
"1001","Ben Murphy","CS161","12","54.01","0"
"1001","Ben Murphy","CS210","1","61.48","0"
"1001","Ben Murphy","CS210","2","39.45","0"
"1001","Ben Murphy","CS210","3","60.95","0"
"1001","Ben Murphy","CS210","4","75.13","1"
"1001","Ben Murphy","CS210","5","0","1"
"1001","Ben Murphy","CS210","6","83.25","1"
"1001","Ben Murphy","CS210","7","54.52","1"
"1001","Ben Murphy","CS210","8","40.51","1"
"1002","Megan McCarthy","CS161","1","64.19","0"
"1002","Megan McCarthy","CS161","2","68.33","0"
"1002","Megan McCarthy","CS161","3","0","0"
"1002","Megan McCarthy","CS161","4","58.78","0"
"1002","Megan McCarthy","CS161","5","45.02","0"
"1002","Megan McCarthy","CS161","6","0","1"
"1002","Megan McCarthy","CS161","7","23.71","1"
"1002","Megan McCarthy","CS161","8","63.68","1"
"1002","Megan McCarthy","CS161","9","80.08","1"
"1002","Megan McCarthy","CS161","10","58.08","1"
"1002","Megan McCarthy","CS161","11","73.67","1"
"1002","Megan McCarthy","CS161","12","83.44","0"
"1002","Megan McCarthy","CS210","1","64.19","0"
"1002","Megan McCarthy","CS210","2","68.33","0"
"1002","Megan McCarthy","CS210","3","0","0"
"1002","Megan McCarthy","CS210","4","58.78","1"
"1002","Megan McCarthy","CS210","5","45.02","1"
"1002","Megan McCarthy","CS210","6","0","1"
"1002","Megan McCarthy","CS210","7","23.71","1"
"1002","Megan McCarthy","CS210","8","63.68","1"
"1003","Darragh McCarthy","CS161","1","58.72","0"
"1003","Darragh McCarthy","CS161","2","69.06","0"
"1003","Darragh McCarthy","CS161","3","69.38","0"
"1003","Darragh McCarthy","CS161","4","63.39","0"
"1003","Darragh McCarthy","CS161","5","80.81","0"
"1003","Darragh McCarthy","CS161","6","74.3","1"
"1003","Darragh McCarthy","CS161","7","0","1"
"1003","Darragh McCarthy","CS161","8","86.29","1"
"1003","Darragh McCarthy","CS161","9","48.44","1"
"1003","Darragh McCarthy","CS161","10","68.08","1"
"1003","Darragh McCarthy","CS161","11","35.45","1"
"1003","Darragh McCarthy","CS161","12","67.53","0"
"1003","Darragh McCarthy","CS210","1","58.72","0"
"1003","Darragh McCarthy","CS210","2","69.06","0"
"1003","Darragh McCarthy","CS210","3","69.38","0"
"1003","Darragh McCarthy","CS210","4","63.39","1"
"1003","Darragh McCarthy","CS210","5","80.81","1"
"1003","Darragh McCarthy","CS210","6","74.3","1"
"1003","Darragh McCarthy","CS210","7","0","1"
"1003","Darragh McCarthy","CS210","8","86.29","1"
"1004","Megan Sheehan","CS161","1","74.16","0"
"1004","Megan Sheehan","CS161","2","63.52","0"
"1004","Megan Sheehan","CS161","3","57.11","0"
"1004","Megan Sheehan","CS161","4","51.77","0"
"1004","Megan Sheehan","CS161","5","77.14","0"
"1004","Megan Sheehan","CS161","6","57.8","1"
"1004","Megan Sheehan","CS161","7","54.46","1"
"1004","Megan Sheehan","CS161","8","91.99","1"
"1004","Megan Sheehan","CS161","9","0","1"
"1004","Megan Sheehan","CS161","10","70.73","1"
"1004","Megan Sheehan","CS161","11","67.39","1"
"1004","Megan Sheehan","CS161","12","69.85","0"
"1004","Megan Sheehan","CS210","1","74.16","0"
"1004","Megan Sheehan","CS210","2","63.52","0"
"1004","Megan Sheehan","CS210","3","57.11","0"
"1004","Megan Sheehan","CS210","4","51.77","1"
"1004","Megan Sheehan","CS210","5","77.14","1"
"1004","Megan Sheehan","CS210","6","57.8","1"
"1004","Megan Sheehan","CS210","7","54.46","1"
"1004","Megan Sheehan","CS210","8","91.99","1"
"1005","Darragh Kennedy","CS161","1","57.41","0"
"1005","Darragh Kennedy","CS161","2","48.7","0"
"1005","Darragh Kennedy","CS161","3","85.26","0"
"1005","Darragh Kennedy","CS161","4","53.14","0"
"1005","Darragh Kennedy","CS161","5","79.36","0"
"1005","Darragh Kennedy","CS161","6","33.44","1"
"1005","Darragh Kennedy","CS161","7","62.28","1"
"1005","Darragh Kennedy","CS161","8","50.94","1"
"1005","Darragh Kennedy","CS161","9","42.73","1"
"1005","Darragh Kennedy","CS161","10","70.08","1"
"1005","Darragh Kennedy","CS161","11","54.58","1"
"1005","Darragh Kennedy","CS161","12","62.56","0"
"1005","Darragh Kennedy","CS210","1","57.41","0"
"1005","Darragh Kennedy","CS210","2","48.7","0"
"1005","Darragh Kennedy","CS210","3","85.26","0"
"1005","Darragh Kennedy","CS210","4","53.14","1"
"1005","Darragh Kennedy","CS210","5","79.36","1"
"1005","Darragh Kennedy","CS210","6","33.44","1"
"1005","Darragh Kennedy","CS210","7","62.28","1"
"1005","Darragh Kennedy","CS210","8","50.94","1"
"1006","Kate Doyle","CS161","1","64.74","0"
"1006","Kate Doyle","CS161","2","94.57","0"
"1006","Kate Doyle","CS161","3","76.77","0"
"1006","Kate Doyle","CS161","4","67.43","0"
"1006","Kate Doyle","CS161","5","64.91","0"
"1006","Kate Doyle","CS161","6","92.87","1"
"1006","Kate Doyle","CS161","7","71.83","1"
"1006","Kate Doyle","CS161","8","45.38","1"
"1006","Kate Doyle","CS161","9","92.52","1"
"1006","Kate Doyle","CS161","10","82.3","1"
"1006","Kate Doyle","CS161","11","30.78","1"
"1006","Kate Doyle","CS161","12","78.06","0"
"1006","Kate Doyle","CS210","1","64.74","0"
"1006","Kate Doyle","CS210","2","94.57","0"
"1006","Kate Doyle","CS210","3","76.77","0"
"1006","Kate Doyle","CS210","4","67.43","1"
"1006","Kate Doyle","CS210","5","64.91","1"
"1006","Kate Doyle","CS210","6","92.87","1"
"1006","Kate Doyle","CS210","7","71.83","1"
"1006","Kate Doyle","CS210","8","45.38","1"
"1007","Aaron Sheehan","CS161","1","43.13","0"
"1007","Aaron Sheehan","CS161","2","66.7","0"
"1007","Aaron Sheehan","CS161","3","81.67","0"
"1007","Aaron Sheehan","CS161","4","66.18","0"
"1007","Aaron Sheehan","CS161","5","88.8","0"
"1007","Aaron Sheehan","CS161","6","68.96","1"
"1007","Aaron Sheehan","CS161","7","41.62","1"
"1007","Aaron Sheehan","CS161","8","0","1"
"1007","Aaron Sheehan","CS161","9","46.33","1"
"1007","Aaron Sheehan","CS161","10","0","1"
"1007","Aaron Sheehan","CS161","11","72.45","1"
"1007","Aaron Sheehan","CS161","12","50.75","0"
"1007","Aaron Sheehan","CS210","1","43.13","0"
"1007","Aaron Sheehan","CS210","2","66.7","0"
"1007","Aaron Sheehan","CS210","3","81.67","0"
"1007","Aaron Sheehan","CS210","4","66.18","1"
"1007","Aaron Sheehan","CS210","5","88.8","1"
"1007","Aaron Sheehan","CS210","6","68.96","1"
"1007","Aaron Sheehan","CS210","7","41.62","1"
"1007","Aaron Sheehan","CS210","8","0","1"
"1008","Michael Ryan","CS161","1","49.2","0"
"1008","Michael Ryan","CS161","2","70.24","0"
"1008","Michael Ryan","CS161","3","0","0"
"1008","Michael Ryan","CS161","4","53.81","0"
"1008","Michael Ryan","CS161","5","0","0"
"1008","Michael Ryan","CS161","6","97.01","1"
"1008","Michael Ryan","CS161","7","85.7","1"
"1008","Michael Ryan","CS161","8","0","1"
"1008","Michael Ryan","CS161","9","61.1","1"
"1008","Michael Ryan","CS161","10","72.19","1"
"1008","Michael Ryan","CS161","11","41.58","1"
"1008","Michael Ryan","CS161","12","56.27","0"
"1008","Michael Ryan","CS210","1","49.2","0"
"1008","Michael Ryan","CS210","2","70.24","0"
"1008","Michael Ryan","CS210","3","0","0"
"1008","Michael Ryan","CS210","4","53.81","1"
"1008","Michael Ryan","CS210","5","0","1"
"1008","Michael Ryan","CS210","6","97.01","1"
"1008","Michael Ryan","CS210","7","85.7","1"
"1008","Michael Ryan","CS210","8","0","1"
"1009","Ciara Byrne","CS161","1","71.97","0"
"1009","Ciara Byrne","CS161","2","70.19","0"
"1009","Ciara Byrne","CS161","3","59.23","0"
"1009","Ciara Byrne","CS161","4","80.81","0"
"1009","Ciara Byrne","CS161","5","77.45","0"
"1009","Ciara Byrne","CS161","6","45.23","1"
"1009","Ciara Byrne","CS161","7","58.29","1"
"1009","Ciara Byrne","CS161","8","89.11","1"
"1009","Ciara Byrne","CS161","9","0","1"
"1009","Ciara Byrne","CS161","10","82.93","1"
"1009","Ciara Byrne","CS161","11","60.22","1"
"1009","Ciara Byrne","CS161","12","85.1","0"
"1009","Ciara Byrne","CS210","1","71.97","0"
"1009","Ciara Byrne","CS210","2","70.19","0"
"1009","Ciara Byrne","CS210","3","59.23","0"
"1009","Ciara Byrne","CS210","4","80.81","1"
"1009","Ciara Byrne","CS210","5","77.45","1"
"1009","Ciara Byrne","CS210","6","45.23","1"
"1009","Ciara Byrne","CS210","7","58.29","1"
"1009","Ciara Byrne","CS210","8","89.11","1"
"1010","Aaron Boyle","CS161","1","0","0"
"1010","Aaron Boyle","CS161","2","73.73","0"
"1010","Aaron Boyle","CS161","3","0","0"
"1010","Aaron Boyle","CS161","4","56.73","0"
"1010","Aaron Boyle","CS161","5","54.87","0"
"1010","Aaron Boyle","CS161","6","0","1"
"1010","Aaron Boyle","CS161","7","80.38","1"
"1010","Aaron Boyle","CS161","8","0","1"
"1010","Aaron Boyle","CS161","9","62.62","1"
"1010","Aaron Boyle","CS161","10","0","1"
"1010","Aaron Boyle","CS161","11","84.6","1"
"1010","Aaron Boyle","CS161","12","54.47","0"
"1010","Aaron Boyle","CS210","1","0","0"
"1010","Aaron Boyle","CS210","2","73.73","0"
"1010","Aaron Boyle","CS210","3","0","0"
"1010","Aaron Boyle","CS210","4","56.73","1"
"1010","Aaron Boyle","CS210","5","54.87","1"
"1010","Aaron Boyle","CS210","6","0","1"
"1010","Aaron Boyle","CS210","7","80.38","1"
"1010","Aaron Boyle","CS210","8","0","1"
"1011","Kate Kelly","CS161","1","29.25","0"
"1011","Kate Kelly","CS161","2","34.58","0"
"1011","Kate Kelly","CS161","3","57.1","0"
"1011","Kate Kelly","CS161","4","64.32","0"
"1011","Kate Kelly","CS161","5","28.36","0"
"1011","Kate Kelly","CS161","6","0","1"
"1011","Kate Kelly","CS161","7","63.57","1"
"1011","Kate Kelly","CS161","8","46.3","1"
"1011","Kate Kelly","CS161","9","34.14","1"
"1011","Kate Kelly","CS161","10","64.24","1"
"1011","Kate Kelly","CS161","11","94.79","1"
"1011","Kate Kelly","CS161","12","54.37","0"
"1011","Kate Kelly","CS210","1","29.25","0"
"1011","Kate Kelly","CS210","2","34.58","0"
"1011","Kate Kelly","CS210","3","57.1","0"
"1011","Kate Kelly","CS210","4","64.32","1"
"1011","Kate Kelly","CS210","5","28.36","1"
"1011","Kate Kelly","CS210","6","0","1"
"1011","Kate Kelly","CS210","7","63.57","1"
"1011","Kate Kelly","CS210","8","46.3","1"
"1012","Adam McMahon","CS161","1","45.36","0"
"1012","Adam McMahon","CS161","2","62.67","0"
"1012","Adam McMahon","CS161","3","74.37","0"
"1012","Adam McMahon","CS161","4","82.64","0"
"1012","Adam McMahon","CS161","5","64.67","0"
"1012","Adam McMahon","CS161","6","67.95","1"
"1012","Adam McMahon","CS161","7","48.44","1"
"1012","Adam McMahon","CS161","8","37.07","1"
"1012","Adam McMahon","CS161","9","58.21","1"
"1012","Adam McMahon","CS161","10","64.88","1"
"1012","Adam McMahon","CS161","11","36.18","1"
"1012","Adam McMahon","CS161","12","53.43","0"
"1012","Adam McMahon","CS210","1","45.36","0"
"1012","Adam McMahon","CS210","2","62.67","0"
"1012","Adam McMahon","CS210","3","74.37","0"
"1012","Adam McMahon","CS210","4","82.64","1"
"1012","Adam McMahon","CS210","5","64.67","1"
"1012","Adam McMahon","CS210","6","67.95","1"
"1012","Adam McMahon","CS210","7","48.44","1"
"1012","Adam McMahon","CS210","8","37.07","1"
"1013","Ben Kelly","CS161","1","0","0"
"1013","Ben Kelly","CS161","2","82.03","0"
"1013","Ben Kelly","CS161","3","73.89","0"
"1013","Ben Kelly","CS161","4","80.45","0"
"1013","Ben Kelly","CS161","5","52.78","0"
"1013","Ben Kelly","CS161","6","57.81","1"
"1013","Ben Kelly","CS161","7","77.82","1"
"1013","Ben Kelly","CS161","8","42.68","1"
"1013","Ben Kelly","CS161","9","55.95","1"
"1013","Ben Kelly","CS161","10","55.23","1"
"1013","Ben Kelly","CS161","11","0","1"
"1013","Ben Kelly","CS161","12","57.05","0"
"1013","Ben Kelly","CS210","1","0","0"
"1013","Ben Kelly","CS210","2","82.03","0"
"1013","Ben Kelly","CS210","3","73.89","0"
"1013","Ben Kelly","CS210","4","80.45","1"
"1013","Ben Kelly","CS210","5","52.78","1"
"1013","Ben Kelly","CS210","6","57.81","1"
"1013","Ben Kelly","CS210","7","77.82","1"
"1013","Ben Kelly","CS210","8","42.68","1"
"1014","Ciara Quinn","CS161","1","0","0"
"1014","Ciara Quinn","CS161","2","72.2","0"
"1014","Ciara Quinn","CS161","3","0","0"
"1014","Ciara Quinn","CS161","4","48.16","0"
"1014","Ciara Quinn","CS161","5","50.48","0"
"1014","Ciara Quinn","CS161","6","89.14","1"
"1014","Ciara Quinn","CS161","7","88.3","1"
"1014","Ciara Quinn","CS161","8","43.04","1"
"1014","Ciara Quinn","CS161","9","79","1"
"1014","Ciara Quinn","CS161","10","84.26","1"
"1014","Ciara Quinn","CS161","11","76.58","1"
"1014","Ciara Quinn","CS161","12","46.04","0"
"1014","Ciara Quinn","CS210","1","0","0"
"1014","Ciara Quinn","CS210","2","72.2","0"
"1014","Ciara Quinn","CS210","3","0","0"
"1014","Ciara Quinn","CS210","4","48.16","1"
"1014","Ciara Quinn","CS210","5","50.48","1"
"1014","Ciara Quinn","CS210","6","89.14","1"
"1014","Ciara Quinn","CS210","7","88.3","1"
"1014","Ciara Quinn","CS210","8","43.04","1"
"1015","Ciara Sheehan","CS161","1","60.38","0"
"1015","Ciara Sheehan","CS161","2","0","0"
"1015","Ciara Sheehan","CS161","3","78.98","0"
"1015","Ciara Sheehan","CS161","4","93.17","0"
"1015","Ciara Sheehan","CS161","5","50.17","0"
"1015","Ciara Sheehan","CS161","6","62.86","1"
"1015","Ciara Sheehan","CS161","7","61.64","1"
"1015","Ciara Sheehan","CS161","8","53.7","1"
"1015","Ciara Sheehan","CS161","9","77.46","1"
"1015","Ciara Sheehan","CS161","10","84.43","1"
"1015","Ciara Sheehan","CS161","11","47.72","1"
"1015","Ciara Sheehan","CS161","12","79.8","0"
"1015","Ciara Sheehan","CS210","1","60.38","0"
"1015","Ciara Sheehan","CS210","2","0","0"
"1015","Ciara Sheehan","CS210","3","78.98","0"
"1015","Ciara Sheehan","CS210","4","93.17","1"
"1015","Ciara Sheehan","CS210","5","50.17","1"
"1015","Ciara Sheehan","CS210","6","62.86","1"
"1015","Ciara Sheehan","CS210","7","61.64","1"
"1015","Ciara Sheehan","CS210","8","53.7","1"
"1016","Kate Walsh","CS161","1","54.38","0"
"1016","Kate Walsh","CS161","2","64.55","0"
"1016","Kate Walsh","CS161","3","80.65","0"
"1016","Kate Walsh","CS161","4","73.84","0"
"1016","Kate Walsh","CS161","5","0","0"
"1016","Kate Walsh","CS161","6","78.18","1"
"1016","Kate Walsh","CS161","7","60.75","1"
"1016","Kate Walsh","CS161","8","89.17","1"
"1016","Kate Walsh","CS161","9","96.56","1"
"1016","Kate Walsh","CS161","10","34.7","1"
"1016","Kate Walsh","CS161","11","0","1"
"1016","Kate Walsh","CS161","12","60.94","0"
"1016","Kate Walsh","CS210","1","54.38","0"
"1016","Kate Walsh","CS210","2","64.55","0"
"1016","Kate Walsh","CS210","3","80.65","0"
"1016","Kate Walsh","CS210","4","73.84","1"
"1016","Kate Walsh","CS210","5","0","1"
"1016","Kate Walsh","CS210","6","78.18","1"
"1016","Kate Walsh","CS210","7","60.75","1"
"1016","Kate Walsh","CS210","8","89.17","1"
"1017","Megan Doyle","CS161","1","78.77","0"
"1017","Megan Doyle","CS161","2","29.29","0"
"1017","Megan Doyle","CS161","3","88.16","0"
"1017","Megan Doyle","CS161","4","65.62","0"
"1017","Megan Doyle","CS161","5","66.49","0"
"1017","Megan Doyle","CS161","6","60.58","1"
"1017","Megan Doyle","CS161","7","58.34","1"
"1017","Megan Doyle","CS161","8","43.54","1"
"1017","Megan Doyle","CS161","9","79.86","1"
"1017","Megan Doyle","CS161","10","63.3","1"
"1017","Megan Doyle","CS161","11","47.5","1"
"1017","Megan Doyle","CS161","12","77.22","0"
"1017","Megan Doyle","CS210","1","78.77","0"
"1017","Megan Doyle","CS210","2","29.29","0"
"1017","Megan Doyle","CS210","3","88.16","0"
"1017","Megan Doyle","CS210","4","65.62","1"
"1017","Megan Doyle","CS210","5","66.49","1"
"1017","Megan Doyle","CS210","6","60.58","1"
"1017","Megan Doyle","CS210","7","58.34","1"
"1017","Megan Doyle","CS210","8","43.54","1"
"1018","Darragh Walsh","CS161","1","87.24","0"
"1018","Darragh Walsh","CS161","2","62.67","0"
"1018","Darragh Walsh","CS161","3","75.07","0"
"1018","Darragh Walsh","CS161","4","79.14","0"
"1018","Darragh Walsh","CS161","5","67.96","0"
"1018","Darragh Walsh","CS161","6","75.77","1"
"1018","Darragh Walsh","CS161","7","81.92","1"
"1018","Darragh Walsh","CS161","8","22.55","1"
"1018","Darragh Walsh","CS161","9","60.68","1"
"1018","Darragh Walsh","CS161","10","0","1"
"1018","Darragh Walsh","CS161","11","84.34","1"
"1018","Darragh Walsh","CS161","12","36.22","0"
"1018","Darragh Walsh","CS210","1","87.24","0"
"1018","Darragh Walsh","CS210","2","62.67","0"
"1018","Darragh Walsh","CS210","3","75.07","0"
"1018","Darragh Walsh","CS210","4","79.14","1"
"1018","Darragh Walsh","CS210","5","67.96","1"
"1018","Darragh Walsh","CS210","6","75.77","1"
"1018","Darragh Walsh","CS210","7","81.92","1"
"1018","Darragh Walsh","CS210","8","22.55","1"
"1019","Abdula McMahon","CS161","1","80.46","0"
"1019","Abdula McMahon","CS161","2","43.54","0"
"1019","Abdula McMahon","CS161","3","80.54","0"
"1019","Abdula McMahon","CS161","4","74.5","0"
"1019","Abdula McMahon","CS161","5","57.93","0"
"1019","Abdula McMahon","CS161","6","60.53","1"
"1019","Abdula McMahon","CS161","7","56.69","1"
"1019","Abdula McMahon","CS161","8","49.05","1"
"1019","Abdula McMahon","CS161","9","59.13","1"
"1019","Abdula McMahon","CS161","10","65.59","1"
"1019","Abdula McMahon","CS161","11","82.52","1"
"1019","Abdula McMahon","CS161","12","63.86","0"
"1019","Abdula McMahon","CS210","1","80.46","0"
"1019","Abdula McMahon","CS210","2","43.54","0"
"1019","Abdula McMahon","CS210","3","80.54","0"
"1019","Abdula McMahon","CS210","4","74.5","1"
"1019","Abdula McMahon","CS210","5","57.93","1"
"1019","Abdula McMahon","CS210","6","60.53","1"
"1019","Abdula McMahon","CS210","7","56.69","1"
"1019","Abdula McMahon","CS210","8","49.05","1"
"1020","Darragh Ryan","CS161","1","72.07","0"
"1020","Darragh Ryan","CS161","2","100","0"
"1020","Darragh Ryan","CS161","3","70.46","0"
"1020","Darragh Ryan","CS161","4","61.64","0"
"1020","Darragh Ryan","CS161","5","70.36","0"
"1020","Darragh Ryan","CS161","6","44.38","1"
"1020","Darragh Ryan","CS161","7","57.06","1"
"1020","Darragh Ryan","CS161","8","75.77","1"
"1020","Darragh Ryan","CS161","9","78.22","1"
"1020","Darragh Ryan","CS161","10","61.66","1"
"1020","Darragh Ryan","CS161","11","58.15","1"
"1020","Darragh Ryan","CS161","12","80.49","0"
"1020","Darragh Ryan","CS210","1","72.07","0"
"1020","Darragh Ryan","CS210","2","100","0"
"1020","Darragh Ryan","CS210","3","70.46","0"
"1020","Darragh Ryan","CS210","4","61.64","1"
"1020","Darragh Ryan","CS210","5","70.36","1"
"1020","Darragh Ryan","CS210","6","44.38","1"
"1020","Darragh Ryan","CS210","7","57.06","1"
"1020","Darragh Ryan","CS210","8","75.77","1"
"1021","Alex McMahon","CS161","1","100","0"
"1021","Alex McMahon","CS161","2","59.92","0"
"1021","Alex McMahon","CS161","3","52.74","0"
"1021","Alex McMahon","CS161","4","73.05","0"
"1021","Alex McMahon","CS161","5","59.27","0"
"1021","Alex McMahon","CS161","6","55.67","1"
"1021","Alex McMahon","CS161","7","37.09","1"
"1021","Alex McMahon","CS161","8","13.77","1"
"1021","Alex McMahon","CS161","9","79.66","1"
"1021","Alex McMahon","CS161","10","54.07","1"
"1021","Alex McMahon","CS161","11","60.69","1"
"1021","Alex McMahon","CS161","12","62.17","0"
"1021","Alex McMahon","CS210","1","100","0"
"1021","Alex McMahon","CS210","2","59.92","0"
"1021","Alex McMahon","CS210","3","52.74","0"
"1021","Alex McMahon","CS210","4","73.05","1"
"1021","Alex McMahon","CS210","5","59.27","1"
"1021","Alex McMahon","CS210","6","55.67","1"
"1021","Alex McMahon","CS210","7","37.09","1"
"1021","Alex McMahon","CS210","8","13.77","1"
"1022","Adam Moran","CS161","1","68.85","0"
"1022","Adam Moran","CS161","2","53.35","0"
"1022","Adam Moran","CS161","3","62.7","0"
"1022","Adam Moran","CS161","4","93.68","0"
"1022","Adam Moran","CS161","5","51.64","0"
"1022","Adam Moran","CS161","6","71.3","1"
"1022","Adam Moran","CS161","7","79.48","1"
"1022","Adam Moran","CS161","8","43.24","1"
"1022","Adam Moran","CS161","9","60.02","1"
"1022","Adam Moran","CS161","10","60.42","1"
"1022","Adam Moran","CS161","11","75.08","1"
"1022","Adam Moran","CS161","12","44.42","0"
"1022","Adam Moran","CS210","1","68.85","0"
"1022","Adam Moran","CS210","2","53.35","0"
"1022","Adam Moran","CS210","3","62.7","0"
"1022","Adam Moran","CS210","4","93.68","1"
"1022","Adam Moran","CS210","5","51.64","1"
"1022","Adam Moran","CS210","6","71.3","1"
"1022","Adam Moran","CS210","7","79.48","1"
"1022","Adam Moran","CS210","8","43.24","1"
"1023","Abdula Boyle","CS161","1","77.18","0"
"1023","Abdula Boyle","CS161","2","75.07","0"
"1023","Abdula Boyle","CS161","3","86.98","0"
"1023","Abdula Boyle","CS161","4","89.93","0"
"1023","Abdula Boyle","CS161","5","0","0"
"1023","Abdula Boyle","CS161","6","78.38","1"
"1023","Abdula Boyle","CS161","7","76.73","1"
"1023","Abdula Boyle","CS161","8","66.02","1"
"1023","Abdula Boyle","CS161","9","78.29","1"
"1023","Abdula Boyle","CS161","10","63.32","1"
"1023","Abdula Boyle","CS161","11","61.19","1"
"1023","Abdula Boyle","CS161","12","76.42","0"
"1023","Abdula Boyle","CS210","1","77.18","0"
"1023","Abdula Boyle","CS210","2","75.07","0"
"1023","Abdula Boyle","CS210","3","86.98","0"
"1023","Abdula Boyle","CS210","4","89.93","1"
"1023","Abdula Boyle","CS210","5","0","1"
"1023","Abdula Boyle","CS210","6","78.38","1"
"1023","Abdula Boyle","CS210","7","76.73","1"
"1023","Abdula Boyle","CS210","8","66.02","1"
"1024","Megan Doyle","CS161","1","63.37","0"
"1024","Megan Doyle","CS161","2","74.84","0"
"1024","Megan Doyle","CS161","3","71.57","0"
"1024","Megan Doyle","CS161","4","0","0"
"1024","Megan Doyle","CS161","5","84.01","0"
"1024","Megan Doyle","CS161","6","45.73","1"
"1024","Megan Doyle","CS161","7","78.05","1"
"1024","Megan Doyle","CS161","8","0","1"
"1024","Megan Doyle","CS161","9","68.5","1"
"1024","Megan Doyle","CS161","10","65.89","1"
"1024","Megan Doyle","CS161","11","90.35","1"
"1024","Megan Doyle","CS161","12","85.34","0"
"1024","Megan Doyle","CS210","1","63.37","0"
"1024","Megan Doyle","CS210","2","74.84","0"
"1024","Megan Doyle","CS210","3","71.57","0"
"1024","Megan Doyle","CS210","4","0","1"
"1024","Megan Doyle","CS210","5","84.01","1"
"1024","Megan Doyle","CS210","6","45.73","1"
"1024","Megan Doyle","CS210","7","78.05","1"
"1024","Megan Doyle","CS210","8","0","1"
"1025","Darragh Doyle","CS161","1","77.74","0"
"1025","Darragh Doyle","CS161","2","61.66","0"
"1025","Darragh Doyle","CS161","3","62.53","0"
"1025","Darragh Doyle","CS161","4","100","0"
"1025","Darragh Doyle","CS161","5","66.27","0"
"1025","Darragh Doyle","CS161","6","39.49","1"
"1025","Darragh Doyle","CS161","7","83.05","1"
"1025","Darragh Doyle","CS161","8","73.74","1"
"1025","Darragh Doyle","CS161","9","74.29","1"
"1025","Darragh Doyle","CS161","10","71.97","1"
"1025","Darragh Doyle","CS161","11","67.71","1"
"1025","Darragh Doyle","CS161","12","62.08","0"
"1025","Darragh Doyle","CS210","1","77.74","0"
"1025","Darragh Doyle","CS210","2","61.66","0"
"1025","Darragh Doyle","CS210","3","62.53","0"
"1025","Darragh Doyle","CS210","4","100","1"
"1025","Darragh Doyle","CS210","5","66.27","1"
"1025","Darragh Doyle","CS210","6","39.49","1"
"1025","Darragh Doyle","CS210","7","83.05","1"
"1025","Darragh Doyle","CS210","8","73.74","1"
"1026","Darragh Moran","CS161","1","76.91","0"
"1026","Darragh Moran","CS161","2","40.05","0"
"1026","Darragh Moran","CS161","3","67.36","0"
"1026","Darragh Moran","CS161","4","65.03","0"
"1026","Darragh Moran","CS161","5","63.86","0"
"1026","Darragh Moran","CS161","6","0","1"
"1026","Darragh Moran","CS161","7","90.26","1"
"1026","Darragh Moran","CS161","8","35.97","1"
"1026","Darragh Moran","CS161","9","81.01","1"
"1026","Darragh Moran","CS161","10","56.71","1"
"1026","Darragh Moran","CS161","11","0","1"
"1026","Darragh Moran","CS161","12","74.81","0"
"1026","Darragh Moran","CS210","1","76.91","0"
"1026","Darragh Moran","CS210","2","40.05","0"
"1026","Darragh Moran","CS210","3","67.36","0"
"1026","Darragh Moran","CS210","4","65.03","1"
"1026","Darragh Moran","CS210","5","63.86","1"
"1026","Darragh Moran","CS210","6","0","1"
"1026","Darragh Moran","CS210","7","90.26","1"
"1026","Darragh Moran","CS210","8","35.97","1"
"1027","Aaron Kelly","CS161","1","43.75","0"
"1027","Aaron Kelly","CS161","2","68.49","0"
"1027","Aaron Kelly","CS161","3","52.24","0"
"1027","Aaron Kelly","CS161","4","61.95","0"
"1027","Aaron Kelly","CS161","5","83.15","0"
"1027","Aaron Kelly","CS161","6","74.1","1"
"1027","Aaron Kelly","CS161","7","76.13","1"
"1027","Aaron Kelly","CS161","8","70.67","1"
"1027","Aaron Kelly","CS161","9","45.46","1"
"1027","Aaron Kelly","CS161","10","0","1"
"1027","Aaron Kelly","CS161","11","50.9","1"
"1027","Aaron Kelly","CS161","12","69.08","0"
"1027","Aaron Kelly","CS210","1","43.75","0"
"1027","Aaron Kelly","CS210","2","68.49","0"
"1027","Aaron Kelly","CS210","3","52.24","0"
"1027","Aaron Kelly","CS210","4","61.95","1"
"1027","Aaron Kelly","CS210","5","83.15","1"
"1027","Aaron Kelly","CS210","6","74.1","1"
"1027","Aaron Kelly","CS210","7","76.13","1"
"1027","Aaron Kelly","CS210","8","70.67","1"
"1028","Michael Walsh","CS161","1","56.2","0"
"1028","Michael Walsh","CS161","2","60.45","0"
"1028","Michael Walsh","CS161","3","85.25","0"
"1028","Michael Walsh","CS161","4","0","0"
"1028","Michael Walsh","CS161","5","57.73","0"
"1028","Michael Walsh","CS161","6","84.64","1"
"1028","Michael Walsh","CS161","7","65.66","1"
"1028","Michael Walsh","CS161","8","64.92","1"
"1028","Michael Walsh","CS161","9","58.92","1"
"1028","Michael Walsh","CS161","10","82.95","1"
"1028","Michael Walsh","CS161","11","67.24","1"
"1028","Michael Walsh","CS161","12","90.48","0"
"1028","Michael Walsh","CS210","1","56.2","0"
"1028","Michael Walsh","CS210","2","60.45","0"
"1028","Michael Walsh","CS210","3","85.25","0"
"1028","Michael Walsh","CS210","4","0","1"
"1028","Michael Walsh","CS210","5","57.73","1"
"1028","Michael Walsh","CS210","6","84.64","1"
"1028","Michael Walsh","CS210","7","65.66","1"
"1028","Michael Walsh","CS210","8","64.92","1"
"1029","Abdula Murphy","CS161","1","54.25","0"
"1029","Abdula Murphy","CS161","2","71.98","0"
"1029","Abdula Murphy","CS161","3","93.61","0"
"1029","Abdula Murphy","CS161","4","72.38","0"
"1029","Abdula Murphy","CS161","5","54.06","0"
"1029","Abdula Murphy","CS161","6","70.41","1"
"1029","Abdula Murphy","CS161","7","72.24","1"
"1029","Abdula Murphy","CS161","8","67.64","1"
"1029","Abdula Murphy","CS161","9","93.82","1"
"1029","Abdula Murphy","CS161","10","0","1"
"1029","Abdula Murphy","CS161","11","60.92","1"
"1029","Abdula Murphy","CS161","12","0","0"
"1029","Abdula Murphy","CS210","1","54.25","0"
"1029","Abdula Murphy","CS210","2","71.98","0"
"1029","Abdula Murphy","CS210","3","93.61","0"
"1029","Abdula Murphy","CS210","4","72.38","1"
"1029","Abdula Murphy","CS210","5","54.06","1"
"1029","Abdula Murphy","CS210","6","70.41","1"
"1029","Abdula Murphy","CS210","7","72.24","1"
"1029","Abdula Murphy","CS210","8","67.64","1"
"1030","Abdula Murphy","CS161","1","68.5","0"
"1030","Abdula Murphy","CS161","2","50.67","0"
"1030","Abdula Murphy","CS161","3","82.03","0"
"1030","Abdula Murphy","CS161","4","74.61","0"
"1030","Abdula Murphy","CS161","5","74.19","0"
"1030","Abdula Murphy","CS161","6","51.16","1"
"1030","Abdula Murphy","CS161","7","51.13","1"
"1030","Abdula Murphy","CS161","8","0","1"
"1030","Abdula Murphy","CS161","9","74.98","1"
"1030","Abdula Murphy","CS161","10","47.35","1"
"1030","Abdula Murphy","CS161","11","0","1"
"1030","Abdula Murphy","CS161","12","72.52","0"
"1030","Abdula Murphy","CS210","1","68.5","0"
"1030","Abdula Murphy","CS210","2","50.67","0"
"1030","Abdula Murphy","CS210","3","82.03","0"
"1030","Abdula Murphy","CS210","4","74.61","1"
"1030","Abdula Murphy","CS210","5","74.19","1"
"1030","Abdula Murphy","CS210","6","51.16","1"
"1030","Abdula Murphy","CS210","7","51.13","1"
"1030","Abdula Murphy","CS210","8","0","1"
"1031","Leo Quinn","CS161","1","77.85","0"
"1031","Leo Quinn","CS161","2","44","0"
"1031","Leo Quinn","CS161","3","76.07","0"
"1031","Leo Quinn","CS161","4","62.29","0"
"1031","Leo Quinn","CS161","5","57.97","0"
"1031","Leo Quinn","CS161","6","0","1"
"1031","Leo Quinn","CS161","7","75.02","1"
"1031","Leo Quinn","CS161","8","70.49","1"
"1031","Leo Quinn","CS161","9","66.9","1"
"1031","Leo Quinn","CS161","10","85.72","1"
"1031","Leo Quinn","CS161","11","64.82","1"
"1031","Leo Quinn","CS161","12","40.83","0"
"1031","Leo Quinn","CS210","1","77.85","0"
"1031","Leo Quinn","CS210","2","44","0"
"1031","Leo Quinn","CS210","3","76.07","0"
"1031","Leo Quinn","CS210","4","62.29","1"
"1031","Leo Quinn","CS210","5","57.97","1"
"1031","Leo Quinn","CS210","6","0","1"
"1031","Leo Quinn","CS210","7","75.02","1"
"1031","Leo Quinn","CS210","8","70.49","1"
"1032","Ciara Boyle","CS161","1","0","0"
"1032","Ciara Boyle","CS161","2","40.82","0"
"1032","Ciara Boyle","CS161","3","65.09","0"
"1032","Ciara Boyle","CS161","4","56.98","0"
"1032","Ciara Boyle","CS161","5","59.05","0"
"1032","Ciara Boyle","CS161","6","44.71","1"
"1032","Ciara Boyle","CS161","7","60.28","1"
"1032","Ciara Boyle","CS161","8","0","1"
"1032","Ciara Boyle","CS161","9","92.92","1"
"1032","Ciara Boyle","CS161","10","55.31","1"
"1032","Ciara Boyle","CS161","11","71.51","1"
"1032","Ciara Boyle","CS161","12","67.85","0"
"1032","Ciara Boyle","CS210","1","0","0"
"1032","Ciara Boyle","CS210","2","40.82","0"
"1032","Ciara Boyle","CS210","3","65.09","0"
"1032","Ciara Boyle","CS210","4","56.98","1"
"1032","Ciara Boyle","CS210","5","59.05","1"
"1032","Ciara Boyle","CS210","6","44.71","1"
"1032","Ciara Boyle","CS210","7","60.28","1"
"1032","Ciara Boyle","CS210","8","0","1"
"1033","Aaliyah Doyle","CS161","1","57.12","0"
"1033","Aaliyah Doyle","CS161","2","73.96","0"
"1033","Aaliyah Doyle","CS161","3","66.9","0"
"1033","Aaliyah Doyle","CS161","4","76.85","0"
"1033","Aaliyah Doyle","CS161","5","0","0"
"1033","Aaliyah Doyle","CS161","6","99.48","1"
"1033","Aaliyah Doyle","CS161","7","56.08","1"
"1033","Aaliyah Doyle","CS161","8","70.02","1"
"1033","Aaliyah Doyle","CS161","9","55.36","1"
"1033","Aaliyah Doyle","CS161","10","70.74","1"
"1033","Aaliyah Doyle","CS161","11","36.8","1"
"1033","Aaliyah Doyle","CS161","12","78.22","0"
"1033","Aaliyah Doyle","CS210","1","57.12","0"
"1033","Aaliyah Doyle","CS210","2","73.96","0"
"1033","Aaliyah Doyle","CS210","3","66.9","0"
"1033","Aaliyah Doyle","CS210","4","76.85","1"
"1033","Aaliyah Doyle","CS210","5","0","1"
"1033","Aaliyah Doyle","CS210","6","99.48","1"
"1033","Aaliyah Doyle","CS210","7","56.08","1"
"1033","Aaliyah Doyle","CS210","8","70.02","1"
"1034","Killian Kennedy","CS161","1","54.75","0"
"1034","Killian Kennedy","CS161","2","35.26","0"
"1034","Killian Kennedy","CS161","3","59.75","0"
"1034","Killian Kennedy","CS161","4","55.82","0"
"1034","Killian Kennedy","CS161","5","91.16","0"
"1034","Killian Kennedy","CS161","6","52.89","1"
"1034","Killian Kennedy","CS161","7","80.01","1"
"1034","Killian Kennedy","CS161","8","83.24","1"
"1034","Killian Kennedy","CS161","9","52.15","1"
"1034","Killian Kennedy","CS161","10","72.53","1"
"1034","Killian Kennedy","CS161","11","63.66","1"
"1034","Killian Kennedy","CS161","12","58.15","0"
"1034","Killian Kennedy","CS210","1","54.75","0"
"1034","Killian Kennedy","CS210","2","35.26","0"
"1034","Killian Kennedy","CS210","3","59.75","0"
"1034","Killian Kennedy","CS210","4","55.82","1"
"1034","Killian Kennedy","CS210","5","91.16","1"
"1034","Killian Kennedy","CS210","6","52.89","1"
"1034","Killian Kennedy","CS210","7","80.01","1"
"1034","Killian Kennedy","CS210","8","83.24","1"
"1035","Aaron McMahon","CS161","1","83.34","0"
"1035","Aaron McMahon","CS161","2","73.38","0"
"1035","Aaron McMahon","CS161","3","79.49","0"
"1035","Aaron McMahon","CS161","4","34.41","0"
"1035","Aaron McMahon","CS161","5","82.33","0"
"1035","Aaron McMahon","CS161","6","45.21","1"
"1035","Aaron McMahon","CS161","7","32.96","1"
"1035","Aaron McMahon","CS161","8","72.64","1"
"1035","Aaron McMahon","CS161","9","98.26","1"
"1035","Aaron McMahon","CS161","10","0","1"
"1035","Aaron McMahon","CS161","11","93.39","1"
"1035","Aaron McMahon","CS161","12","71.62","0"
"1035","Aaron McMahon","CS210","1","83.34","0"
"1035","Aaron McMahon","CS210","2","73.38","0"
"1035","Aaron McMahon","CS210","3","79.49","0"
"1035","Aaron McMahon","CS210","4","34.41","1"
"1035","Aaron McMahon","CS210","5","82.33","1"
"1035","Aaron McMahon","CS210","6","45.21","1"
"1035","Aaron McMahon","CS210","7","32.96","1"
"1035","Aaron McMahon","CS210","8","72.64","1"
"1036","Aaron McCarthy","CS161","1","67.64","0"
"1036","Aaron McCarthy","CS161","2","63.99","0"
"1036","Aaron McCarthy","CS161","3","69.31","0"
"1036","Aaron McCarthy","CS161","4","65.69","0"
"1036","Aaron McCarthy","CS161","5","49","0"
"1036","Aaron McCarthy","CS161","6","57.18","1"
"1036","Aaron McCarthy","CS161","7","54.38","1"
"1036","Aaron McCarthy","CS161","8","57.06","1"
"1036","Aaron McCarthy","CS161","9","62.79","1"
"1036","Aaron McCarthy","CS161","10","44.7","1"
"1036","Aaron McCarthy","CS161","11","80.6","1"
"1036","Aaron McCarthy","CS161","12","62.51","0"
"1036","Aaron McCarthy","CS210","1","67.64","0"
"1036","Aaron McCarthy","CS210","2","63.99","0"
"1036","Aaron McCarthy","CS210","3","69.31","0"
"1036","Aaron McCarthy","CS210","4","65.69","1"
"1036","Aaron McCarthy","CS210","5","49","1"
"1036","Aaron McCarthy","CS210","6","57.18","1"
"1036","Aaron McCarthy","CS210","7","54.38","1"
"1036","Aaron McCarthy","CS210","8","57.06","1"
"1037","Adam Sheehan","CS161","1","57.33","0"
"1037","Adam Sheehan","CS161","2","75.35","0"
"1037","Adam Sheehan","CS161","3","76.47","0"
"1037","Adam Sheehan","CS161","4","0","0"
"1037","Adam Sheehan","CS161","5","69.52","0"
"1037","Adam Sheehan","CS161","6","41.11","1"
"1037","Adam Sheehan","CS161","7","39.54","1"
"1037","Adam Sheehan","CS161","8","83.94","1"
"1037","Adam Sheehan","CS161","9","71.31","1"
"1037","Adam Sheehan","CS161","10","42.59","1"
"1037","Adam Sheehan","CS161","11","69.52","1"
"1037","Adam Sheehan","CS161","12","79.16","0"
"1037","Adam Sheehan","CS210","1","57.33","0"
"1037","Adam Sheehan","CS210","2","75.35","0"
"1037","Adam Sheehan","CS210","3","76.47","0"
"1037","Adam Sheehan","CS210","4","0","1"
"1037","Adam Sheehan","CS210","5","69.52","1"
"1037","Adam Sheehan","CS210","6","41.11","1"
"1037","Adam Sheehan","CS210","7","39.54","1"
"1037","Adam Sheehan","CS210","8","83.94","1"
"1038","Adam Byrne","CS161","1","0","0"
"1038","Adam Byrne","CS161","2","54.62","0"
"1038","Adam Byrne","CS161","3","60.95","0"
"1038","Adam Byrne","CS161","4","87.38","0"
"1038","Adam Byrne","CS161","5","73.6","0"
"1038","Adam Byrne","CS161","6","83.18","1"
"1038","Adam Byrne","CS161","7","74.17","1"
"1038","Adam Byrne","CS161","8","54.72","1"
"1038","Adam Byrne","CS161","9","74.38","1"
"1038","Adam Byrne","CS161","10","64.1","1"
"1038","Adam Byrne","CS161","11","0","1"
"1038","Adam Byrne","CS161","12","81.48","0"
"1038","Adam Byrne","CS210","1","0","0"
"1038","Adam Byrne","CS210","2","54.62","0"
"1038","Adam Byrne","CS210","3","60.95","0"
"1038","Adam Byrne","CS210","4","87.38","1"
"1038","Adam Byrne","CS210","5","73.6","1"
"1038","Adam Byrne","CS210","6","83.18","1"
"1038","Adam Byrne","CS210","7","74.17","1"
"1038","Adam Byrne","CS210","8","54.72","1"
"1039","Aaron Walsh","CS161","1","40.68","0"
"1039","Aaron Walsh","CS161","2","0","0"
"1039","Aaron Walsh","CS161","3","78.62","0"
"1039","Aaron Walsh","CS161","4","57.1","0"
"1039","Aaron Walsh","CS161","5","55.01","0"
"1039","Aaron Walsh","CS161","6","93.9","1"
"1039","Aaron Walsh","CS161","7","78.56","1"
"1039","Aaron Walsh","CS161","8","69.19","1"
"1039","Aaron Walsh","CS161","9","0","1"
"1039","Aaron Walsh","CS161","10","0","1"
"1039","Aaron Walsh","CS161","11","35.48","1"
"1039","Aaron Walsh","CS161","12","82.25","0"
"1039","Aaron Walsh","CS210","1","40.68","0"
"1039","Aaron Walsh","CS210","2","0","0"
"1039","Aaron Walsh","CS210","3","78.62","0"
"1039","Aaron Walsh","CS210","4","57.1","1"
"1039","Aaron Walsh","CS210","5","55.01","1"
"1039","Aaron Walsh","CS210","6","93.9","1"
"1039","Aaron Walsh","CS210","7","78.56","1"
"1039","Aaron Walsh","CS210","8","69.19","1"
"1040","Ciara Doyle","CS161","1","40.25","0"
"1040","Ciara Doyle","CS161","2","77.62","0"
"1040","Ciara Doyle","CS161","3","72.01","0"
"1040","Ciara Doyle","CS161","4","66.93","0"
"1040","Ciara Doyle","CS161","5","85.16","0"
"1040","Ciara Doyle","CS161","6","88.17","1"
"1040","Ciara Doyle","CS161","7","57.23","1"
"1040","Ciara Doyle","CS161","8","68.88","1"
"1040","Ciara Doyle","CS161","9","81.92","1"
"1040","Ciara Doyle","CS161","10","91.56","1"
"1040","Ciara Doyle","CS161","11","74.79","1"
"1040","Ciara Doyle","CS161","12","72.78","0"
"1040","Ciara Doyle","CS210","1","40.25","0"
"1040","Ciara Doyle","CS210","2","77.62","0"
"1040","Ciara Doyle","CS210","3","72.01","0"
"1040","Ciara Doyle","CS210","4","66.93","1"
"1040","Ciara Doyle","CS210","5","85.16","1"
"1040","Ciara Doyle","CS210","6","88.17","1"
"1040","Ciara Doyle","CS210","7","57.23","1"
"1040","Ciara Doyle","CS210","8","68.88","1"
"1041","Megan Boyle","CS161","1","52.85","0"
"1041","Megan Boyle","CS161","2","35.8","0"
"1041","Megan Boyle","CS161","3","0","0"
"1041","Megan Boyle","CS161","4","52.2","0"
"1041","Megan Boyle","CS161","5","91.16","0"
"1041","Megan Boyle","CS161","6","46.82","1"
"1041","Megan Boyle","CS161","7","41.76","1"
"1041","Megan Boyle","CS161","8","0","1"
"1041","Megan Boyle","CS161","9","85.96","1"
"1041","Megan Boyle","CS161","10","73.25","1"
"1041","Megan Boyle","CS161","11","61.51","1"
"1041","Megan Boyle","CS161","12","81.15","0"
"1041","Megan Boyle","CS210","1","52.85","0"
"1041","Megan Boyle","CS210","2","35.8","0"
"1041","Megan Boyle","CS210","3","0","0"
"1041","Megan Boyle","CS210","4","52.2","1"
"1041","Megan Boyle","CS210","5","91.16","1"
"1041","Megan Boyle","CS210","6","46.82","1"
"1041","Megan Boyle","CS210","7","41.76","1"
"1041","Megan Boyle","CS210","8","0","1"
"1042","Adam Quinn","CS161","1","0","0"
"1042","Adam Quinn","CS161","2","62.91","0"
"1042","Adam Quinn","CS161","3","56.63","0"
"1042","Adam Quinn","CS161","4","85.14","0"
"1042","Adam Quinn","CS161","5","80.6","0"
"1042","Adam Quinn","CS161","6","66.3","1"
"1042","Adam Quinn","CS161","7","86.96","1"
"1042","Adam Quinn","CS161","8","72.97","1"
"1042","Adam Quinn","CS161","9","58.52","1"
"1042","Adam Quinn","CS161","10","58.39","1"
"1042","Adam Quinn","CS161","11","83.4","1"
"1042","Adam Quinn","CS161","12","31.36","0"
"1042","Adam Quinn","CS210","1","0","0"
"1042","Adam Quinn","CS210","2","62.91","0"
"1042","Adam Quinn","CS210","3","56.63","0"
"1042","Adam Quinn","CS210","4","85.14","1"
"1042","Adam Quinn","CS210","5","80.6","1"
"1042","Adam Quinn","CS210","6","66.3","1"
"1042","Adam Quinn","CS210","7","86.96","1"
"1042","Adam Quinn","CS210","8","72.97","1"
"1043","Ciara Murphy","CS161","1","61.84","0"
"1043","Ciara Murphy","CS161","2","54.46","0"
"1043","Ciara Murphy","CS161","3","79.13","0"
"1043","Ciara Murphy","CS161","4","69.2","0"
"1043","Ciara Murphy","CS161","5","39.22","0"
"1043","Ciara Murphy","CS161","6","79.34","1"
"1043","Ciara Murphy","CS161","7","53.94","1"
"1043","Ciara Murphy","CS161","8","44","1"
"1043","Ciara Murphy","CS161","9","81.56","1"
"1043","Ciara Murphy","CS161","10","74.58","1"
"1043","Ciara Murphy","CS161","11","55.1","1"
"1043","Ciara Murphy","CS161","12","0","0"
"1043","Ciara Murphy","CS210","1","61.84","0"
"1043","Ciara Murphy","CS210","2","54.46","0"
"1043","Ciara Murphy","CS210","3","79.13","0"
"1043","Ciara Murphy","CS210","4","69.2","1"
"1043","Ciara Murphy","CS210","5","39.22","1"
"1043","Ciara Murphy","CS210","6","79.34","1"
"1043","Ciara Murphy","CS210","7","53.94","1"
"1043","Ciara Murphy","CS210","8","44","1"
"1044","Aaron Smith","CS161","1","100","0"
"1044","Aaron Smith","CS161","2","58.81","0"
"1044","Aaron Smith","CS161","3","60.5","0"
"1044","Aaron Smith","CS161","4","67.9","0"
"1044","Aaron Smith","CS161","5","62.22","0"
"1044","Aaron Smith","CS161","6","52.35","1"
"1044","Aaron Smith","CS161","7","86.32","1"
"1044","Aaron Smith","CS161","8","48.16","1"
"1044","Aaron Smith","CS161","9","60.98","1"
"1044","Aaron Smith","CS161","10","54.18","1"
"1044","Aaron Smith","CS161","11","58.65","1"
"1044","Aaron Smith","CS161","12","77.96","0"
"1044","Aaron Smith","CS210","1","100","0"
"1044","Aaron Smith","CS210","2","58.81","0"
"1044","Aaron Smith","CS210","3","60.5","0"
"1044","Aaron Smith","CS210","4","67.9","1"
"1044","Aaron Smith","CS210","5","62.22","1"
"1044","Aaron Smith","CS210","6","52.35","1"
"1044","Aaron Smith","CS210","7","86.32","1"
"1044","Aaron Smith","CS210","8","48.16","1"
"1045","Megan Sheehan","CS161","1","59.84","0"
"1045","Megan Sheehan","CS161","2","74.86","0"
"1045","Megan Sheehan","CS161","3","68.04","0"
"1045","Megan Sheehan","CS161","4","81.01","0"
"1045","Megan Sheehan","CS161","5","0","0"
"1045","Megan Sheehan","CS161","6","95.03","1"
"1045","Megan Sheehan","CS161","7","57.84","1"
"1045","Megan Sheehan","CS161","8","80.93","1"
"1045","Megan Sheehan","CS161","9","0","1"
"1045","Megan Sheehan","CS161","10","47.24","1"
"1045","Megan Sheehan","CS161","11","78.71","1"
"1045","Megan Sheehan","CS161","12","45.62","0"
"1045","Megan Sheehan","CS210","1","59.84","0"
"1045","Megan Sheehan","CS210","2","74.86","0"
"1045","Megan Sheehan","CS210","3","68.04","0"
"1045","Megan Sheehan","CS210","4","81.01","1"
"1045","Megan Sheehan","CS210","5","0","1"
"1045","Megan Sheehan","CS210","6","95.03","1"
"1045","Megan Sheehan","CS210","7","57.84","1"
"1045","Megan Sheehan","CS210","8","80.93","1"
"1046","Ben Quinn","CS161","1","75.82","0"
"1046","Ben Quinn","CS161","2","74.15","0"
"1046","Ben Quinn","CS161","3","65.89","0"
"1046","Ben Quinn","CS161","4","0","0"
"1046","Ben Quinn","CS161","5","80.05","0"
"1046","Ben Quinn","CS161","6","58.03","1"
"1046","Ben Quinn","CS161","7","41.37","1"
"1046","Ben Quinn","CS161","8","79.76","1"
"1046","Ben Quinn","CS161","9","97.11","1"
"1046","Ben Quinn","CS161","10","73.31","1"
"1046","Ben Quinn","CS161","11","34.98","1"
"1046","Ben Quinn","CS161","12","56.44","0"
"1046","Ben Quinn","CS210","1","75.82","0"
"1046","Ben Quinn","CS210","2","74.15","0"
"1046","Ben Quinn","CS210","3","65.89","0"
"1046","Ben Quinn","CS210","4","0","1"
"1046","Ben Quinn","CS210","5","80.05","1"
"1046","Ben Quinn","CS210","6","58.03","1"
"1046","Ben Quinn","CS210","7","41.37","1"
"1046","Ben Quinn","CS210","8","79.76","1"
"1047","Megan Boyle","CS161","1","0","0"
"1047","Megan Boyle","CS161","2","0","0"
"1047","Megan Boyle","CS161","3","47.38","0"
"1047","Megan Boyle","CS161","4","0","0"
"1047","Megan Boyle","CS161","5","46.82","0"
"1047","Megan Boyle","CS161","6","67.51","1"
"1047","Megan Boyle","CS161","7","75.17","1"
"1047","Megan Boyle","CS161","8","75.41","1"
"1047","Megan Boyle","CS161","9","68.95","1"
"1047","Megan Boyle","CS161","10","91.47","1"
"1047","Megan Boyle","CS161","11","73.69","1"
"1047","Megan Boyle","CS161","12","64.3","0"
"1047","Megan Boyle","CS210","1","0","0"
"1047","Megan Boyle","CS210","2","0","0"
"1047","Megan Boyle","CS210","3","47.38","0"
"1047","Megan Boyle","CS210","4","0","1"
"1047","Megan Boyle","CS210","5","46.82","1"
"1047","Megan Boyle","CS210","6","67.51","1"
"1047","Megan Boyle","CS210","7","75.17","1"
"1047","Megan Boyle","CS210","8","75.41","1"
"1048","Aaron Walsh","CS161","1","0","0"
"1048","Aaron Walsh","CS161","2","68.15","0"
"1048","Aaron Walsh","CS161","3","79.91","0"
"1048","Aaron Walsh","CS161","4","68.15","0"
"1048","Aaron Walsh","CS161","5","63.55","0"
"1048","Aaron Walsh","CS161","6","39.83","1"
"1048","Aaron Walsh","CS161","7","65.46","1"
"1048","Aaron Walsh","CS161","8","76.83","1"
"1048","Aaron Walsh","CS161","9","52.69","1"
"1048","Aaron Walsh","CS161","10","51.73","1"
"1048","Aaron Walsh","CS161","11","93.42","1"
"1048","Aaron Walsh","CS161","12","70.21","0"
"1048","Aaron Walsh","CS210","1","0","0"
"1048","Aaron Walsh","CS210","2","68.15","0"
"1048","Aaron Walsh","CS210","3","79.91","0"
"1048","Aaron Walsh","CS210","4","68.15","1"
"1048","Aaron Walsh","CS210","5","63.55","1"
"1048","Aaron Walsh","CS210","6","39.83","1"
"1048","Aaron Walsh","CS210","7","65.46","1"
"1048","Aaron Walsh","CS210","8","76.83","1"
"1049","Aaron McCarthy","CS161","1","59.77","0"
"1049","Aaron McCarthy","CS161","2","99.2","0"
"1049","Aaron McCarthy","CS161","3","61.42","0"
"1049","Aaron McCarthy","CS161","4","62.93","0"
"1049","Aaron McCarthy","CS161","5","76.41","0"
"1049","Aaron McCarthy","CS161","6","38.46","1"
"1049","Aaron McCarthy","CS161","7","74.72","1"
"1049","Aaron McCarthy","CS161","8","52.23","1"
"1049","Aaron McCarthy","CS161","9","86.84","1"
"1049","Aaron McCarthy","CS161","10","72.93","1"
"1049","Aaron McCarthy","CS161","11","49.07","1"
"1049","Aaron McCarthy","CS161","12","73.54","0"
"1049","Aaron McCarthy","CS210","1","59.77","0"
"1049","Aaron McCarthy","CS210","2","99.2","0"
"1049","Aaron McCarthy","CS210","3","61.42","0"
"1049","Aaron McCarthy","CS210","4","62.93","1"
"1049","Aaron McCarthy","CS210","5","76.41","1"
"1049","Aaron McCarthy","CS210","6","38.46","1"
"1049","Aaron McCarthy","CS210","7","74.72","1"
"1049","Aaron McCarthy","CS210","8","52.23","1"
"1050","Megan Doyle","CS161","1","46.62","0"
"1050","Megan Doyle","CS161","2","55.81","0"
"1050","Megan Doyle","CS161","3","67.76","0"
"1050","Megan Doyle","CS161","4","43.06","0"
"1050","Megan Doyle","CS161","5","59","0"
"1050","Megan Doyle","CS161","6","84.08","1"
"1050","Megan Doyle","CS161","7","66.72","1"
"1050","Megan Doyle","CS161","8","0","1"
"1050","Megan Doyle","CS161","9","38.9","1"
"1050","Megan Doyle","CS161","10","49.17","1"
"1050","Megan Doyle","CS161","11","58.68","1"
"1050","Megan Doyle","CS161","12","48","0"
"1050","Megan Doyle","CS210","1","46.62","0"
"1050","Megan Doyle","CS210","2","55.81","0"
"1050","Megan Doyle","CS210","3","67.76","0"
"1050","Megan Doyle","CS210","4","43.06","1"
"1050","Megan Doyle","CS210","5","59","1"
"1050","Megan Doyle","CS210","6","84.08","1"
"1050","Megan Doyle","CS210","7","66.72","1"
"1050","Megan Doyle","CS210","8","0","1"
"1051","Conor McCarthy","CS161","1","56.13","0"
"1051","Conor McCarthy","CS161","2","77.55","0"
"1051","Conor McCarthy","CS161","3","40.84","0"
"1051","Conor McCarthy","CS161","4","0","0"
"1051","Conor McCarthy","CS161","5","0","0"
"1051","Conor McCarthy","CS161","6","64.76","1"
"1051","Conor McCarthy","CS161","7","75.16","1"
"1051","Conor McCarthy","CS161","8","40.56","1"
"1051","Conor McCarthy","CS161","9","68.07","1"
"1051","Conor McCarthy","CS161","10","54.09","1"
"1051","Conor McCarthy","CS161","11","60.41","1"
"1051","Conor McCarthy","CS161","12","45.75","0"
"1051","Conor McCarthy","CS210","1","56.13","0"
"1051","Conor McCarthy","CS210","2","77.55","0"
"1051","Conor McCarthy","CS210","3","40.84","0"
"1051","Conor McCarthy","CS210","4","0","1"
"1051","Conor McCarthy","CS210","5","0","1"
"1051","Conor McCarthy","CS210","6","64.76","1"
"1051","Conor McCarthy","CS210","7","75.16","1"
"1051","Conor McCarthy","CS210","8","40.56","1"
"1052","Killian Sheehan","CS161","1","69.96","0"
"1052","Killian Sheehan","CS161","2","46.44","0"
"1052","Killian Sheehan","CS161","3","88.63","0"
"1052","Killian Sheehan","CS161","4","78.04","0"
"1052","Killian Sheehan","CS161","5","0","0"
"1052","Killian Sheehan","CS161","6","73","1"
"1052","Killian Sheehan","CS161","7","93.02","1"
"1052","Killian Sheehan","CS161","8","55.04","1"
"1052","Killian Sheehan","CS161","9","66.8","1"
"1052","Killian Sheehan","CS161","10","48.09","1"
"1052","Killian Sheehan","CS161","11","57.36","1"
"1052","Killian Sheehan","CS161","12","50.47","0"
"1052","Killian Sheehan","CS210","1","69.96","0"
"1052","Killian Sheehan","CS210","2","46.44","0"
"1052","Killian Sheehan","CS210","3","88.63","0"
"1052","Killian Sheehan","CS210","4","78.04","1"
"1052","Killian Sheehan","CS210","5","0","1"
"1052","Killian Sheehan","CS210","6","73","1"
"1052","Killian Sheehan","CS210","7","93.02","1"
"1052","Killian Sheehan","CS210","8","55.04","1"
"1053","Kate Moran","CS161","1","74.13","0"
"1053","Kate Moran","CS161","2","70.97","0"
"1053","Kate Moran","CS161","3","87.9","0"
"1053","Kate Moran","CS161","4","0","0"
"1053","Kate Moran","CS161","5","67.97","0"
"1053","Kate Moran","CS161","6","50.9","1"
"1053","Kate Moran","CS161","7","69.05","1"
"1053","Kate Moran","CS161","8","34.55","1"
"1053","Kate Moran","CS161","9","85.28","1"
"1053","Kate Moran","CS161","10","50.7","1"
"1053","Kate Moran","CS161","11","62.21","1"
"1053","Kate Moran","CS161","12","75.38","0"
"1053","Kate Moran","CS210","1","74.13","0"
"1053","Kate Moran","CS210","2","70.97","0"
"1053","Kate Moran","CS210","3","87.9","0"
"1053","Kate Moran","CS210","4","0","1"
"1053","Kate Moran","CS210","5","67.97","1"
"1053","Kate Moran","CS210","6","50.9","1"
"1053","Kate Moran","CS210","7","69.05","1"
"1053","Kate Moran","CS210","8","34.55","1"
"1054","Conor Sheehan","CS161","1","47.09","0"
"1054","Conor Sheehan","CS161","2","89.29","0"
"1054","Conor Sheehan","CS161","3","38.28","0"
"1054","Conor Sheehan","CS161","4","0","0"
"1054","Conor Sheehan","CS161","5","72.9","0"
"1054","Conor Sheehan","CS161","6","73.6","1"
"1054","Conor Sheehan","CS161","7","90.82","1"
"1054","Conor Sheehan","CS161","8","0","1"
"1054","Conor Sheehan","CS161","9","76.2","1"
"1054","Conor Sheehan","CS161","10","78.73","1"
"1054","Conor Sheehan","CS161","11","58.72","1"
"1054","Conor Sheehan","CS161","12","0","0"
"1054","Conor Sheehan","CS210","1","47.09","0"
"1054","Conor Sheehan","CS210","2","89.29","0"
"1054","Conor Sheehan","CS210","3","38.28","0"
"1054","Conor Sheehan","CS210","4","0","1"
"1054","Conor Sheehan","CS210","5","72.9","1"
"1054","Conor Sheehan","CS210","6","73.6","1"
"1054","Conor Sheehan","CS210","7","90.82","1"
"1054","Conor Sheehan","CS210","8","0","1"
"1055","Aaliyah McCarthy","CS161","1","46.16","0"
"1055","Aaliyah McCarthy","CS161","2","43.05","0"
"1055","Aaliyah McCarthy","CS161","3","59.59","0"
"1055","Aaliyah McCarthy","CS161","4","81.47","0"
"1055","Aaliyah McCarthy","CS161","5","71.72","0"
"1055","Aaliyah McCarthy","CS161","6","68.01","1"
"1055","Aaliyah McCarthy","CS161","7","93.2","1"
"1055","Aaliyah McCarthy","CS161","8","57.32","1"
"1055","Aaliyah McCarthy","CS161","9","51.76","1"
"1055","Aaliyah McCarthy","CS161","10","23.9","1"
"1055","Aaliyah McCarthy","CS161","11","55.3","1"
"1055","Aaliyah McCarthy","CS161","12","0","0"
"1055","Aaliyah McCarthy","CS210","1","46.16","0"
"1055","Aaliyah McCarthy","CS210","2","43.05","0"
"1055","Aaliyah McCarthy","CS210","3","59.59","0"
"1055","Aaliyah McCarthy","CS210","4","81.47","1"
"1055","Aaliyah McCarthy","CS210","5","71.72","1"
"1055","Aaliyah McCarthy","CS210","6","68.01","1"
"1055","Aaliyah McCarthy","CS210","7","93.2","1"
"1055","Aaliyah McCarthy","CS210","8","57.32","1"
"1056","Killian McCarthy","CS161","1","50.87","0"
"1056","Killian McCarthy","CS161","2","0","0"
"1056","Killian McCarthy","CS161","3","9.91","0"
"1056","Killian McCarthy","CS161","4","55.16","0"
"1056","Killian McCarthy","CS161","5","45.47","0"
"1056","Killian McCarthy","CS161","6","54.49","1"
"1056","Killian McCarthy","CS161","7","0","1"
"1056","Killian McCarthy","CS161","8","63.63","1"
"1056","Killian McCarthy","CS161","9","57.87","1"
"1056","Killian McCarthy","CS161","10","58.13","1"
"1056","Killian McCarthy","CS161","11","62.9","1"
"1056","Killian McCarthy","CS161","12","65.54","0"
"1056","Killian McCarthy","CS210","1","50.87","0"
"1056","Killian McCarthy","CS210","2","0","0"
"1056","Killian McCarthy","CS210","3","9.91","0"
"1056","Killian McCarthy","CS210","4","55.16","1"
"1056","Killian McCarthy","CS210","5","45.47","1"
"1056","Killian McCarthy","CS210","6","54.49","1"
"1056","Killian McCarthy","CS210","7","0","1"
"1056","Killian McCarthy","CS210","8","63.63","1"
"1057","Michael McMahon","CS161","1","70.37","0"
"1057","Michael McMahon","CS161","2","79.02","0"
"1057","Michael McMahon","CS161","3","74.01","0"
"1057","Michael McMahon","CS161","4","56.59","0"
"1057","Michael McMahon","CS161","5","0","0"
"1057","Michael McMahon","CS161","6","82.17","1"
"1057","Michael McMahon","CS161","7","48.22","1"
"1057","Michael McMahon","CS161","8","74.17","1"
"1057","Michael McMahon","CS161","9","56.46","1"
"1057","Michael McMahon","CS161","10","90.85","1"
"1057","Michael McMahon","CS161","11","57.45","1"
"1057","Michael McMahon","CS161","12","93.37","0"
"1057","Michael McMahon","CS210","1","70.37","0"
"1057","Michael McMahon","CS210","2","79.02","0"
"1057","Michael McMahon","CS210","3","74.01","0"
"1057","Michael McMahon","CS210","4","56.59","1"
"1057","Michael McMahon","CS210","5","0","1"
"1057","Michael McMahon","CS210","6","82.17","1"
"1057","Michael McMahon","CS210","7","48.22","1"
"1057","Michael McMahon","CS210","8","74.17","1"
"1058","Darragh Doyle","CS161","1","39.4","0"
"1058","Darragh Doyle","CS161","2","49.81","0"
"1058","Darragh Doyle","CS161","3","53.8","0"
"1058","Darragh Doyle","CS161","4","47.21","0"
"1058","Darragh Doyle","CS161","5","69.46","0"
"1058","Darragh Doyle","CS161","6","73.73","1"
"1058","Darragh Doyle","CS161","7","41.05","1"
"1058","Darragh Doyle","CS161","8","55.16","1"
"1058","Darragh Doyle","CS161","9","60.04","1"
"1058","Darragh Doyle","CS161","10","58.3","1"
"1058","Darragh Doyle","CS161","11","43.13","1"
"1058","Darragh Doyle","CS161","12","70.76","0"
"1058","Darragh Doyle","CS210","1","39.4","0"
"1058","Darragh Doyle","CS210","2","49.81","0"
"1058","Darragh Doyle","CS210","3","53.8","0"
"1058","Darragh Doyle","CS210","4","47.21","1"
"1058","Darragh Doyle","CS210","5","69.46","1"
"1058","Darragh Doyle","CS210","6","73.73","1"
"1058","Darragh Doyle","CS210","7","41.05","1"
"1058","Darragh Doyle","CS210","8","55.16","1"
"1059","Leo Ryan","CS161","1","62.18","0"
"1059","Leo Ryan","CS161","2","0","0"
"1059","Leo Ryan","CS161","3","61.67","0"
"1059","Leo Ryan","CS161","4","45.23","0"
"1059","Leo Ryan","CS161","5","83.79","0"
"1059","Leo Ryan","CS161","6","51.77","1"
"1059","Leo Ryan","CS161","7","44.46","1"
"1059","Leo Ryan","CS161","8","83.12","1"
"1059","Leo Ryan","CS161","9","89.07","1"
"1059","Leo Ryan","CS161","10","69.59","1"
"1059","Leo Ryan","CS161","11","36.56","1"
"1059","Leo Ryan","CS161","12","58.41","0"
"1059","Leo Ryan","CS210","1","62.18","0"
"1059","Leo Ryan","CS210","2","0","0"
"1059","Leo Ryan","CS210","3","61.67","0"
"1059","Leo Ryan","CS210","4","45.23","1"
"1059","Leo Ryan","CS210","5","83.79","1"
"1059","Leo Ryan","CS210","6","51.77","1"
"1059","Leo Ryan","CS210","7","44.46","1"
"1059","Leo Ryan","CS210","8","83.12","1"
"1060","Alex McMahon","CS161","1","50.36","0"
"1060","Alex McMahon","CS161","2","0","0"
"1060","Alex McMahon","CS161","3","62.76","0"
"1060","Alex McMahon","CS161","4","52.01","0"
"1060","Alex McMahon","CS161","5","78.38","0"
"1060","Alex McMahon","CS161","6","0","1"
"1060","Alex McMahon","CS161","7","51.72","1"
"1060","Alex McMahon","CS161","8","60.69","1"
"1060","Alex McMahon","CS161","9","49.45","1"
"1060","Alex McMahon","CS161","10","57.42","1"
"1060","Alex McMahon","CS161","11","60.27","1"
"1060","Alex McMahon","CS161","12","80.22","0"
"1060","Alex McMahon","CS210","1","50.36","0"
"1060","Alex McMahon","CS210","2","0","0"
"1060","Alex McMahon","CS210","3","62.76","0"
"1060","Alex McMahon","CS210","4","52.01","1"
"1060","Alex McMahon","CS210","5","78.38","1"
"1060","Alex McMahon","CS210","6","0","1"
"1060","Alex McMahon","CS210","7","51.72","1"
"1060","Alex McMahon","CS210","8","60.69","1"
"1061","Darragh McMahon","CS161","1","0","0"
"1061","Darragh McMahon","CS161","2","0","0"
"1061","Darragh McMahon","CS161","3","61.56","0"
"1061","Darragh McMahon","CS161","4","68.72","0"
"1061","Darragh McMahon","CS161","5","67.36","0"
"1061","Darragh McMahon","CS161","6","45.96","1"
"1061","Darragh McMahon","CS161","7","69.42","1"
"1061","Darragh McMahon","CS161","8","65.5","1"
"1061","Darragh McMahon","CS161","9","78.2","1"
"1061","Darragh McMahon","CS161","10","68.82","1"
"1061","Darragh McMahon","CS161","11","64.41","1"
"1061","Darragh McMahon","CS161","12","70.13","0"
"1061","Darragh McMahon","CS210","1","0","0"
"1061","Darragh McMahon","CS210","2","0","0"
"1061","Darragh McMahon","CS210","3","61.56","0"
"1061","Darragh McMahon","CS210","4","68.72","1"
"1061","Darragh McMahon","CS210","5","67.36","1"
"1061","Darragh McMahon","CS210","6","45.96","1"
"1061","Darragh McMahon","CS210","7","69.42","1"
"1061","Darragh McMahon","CS210","8","65.5","1"
"1062","Leo McCarthy","CS161","1","49.84","0"
"1062","Leo McCarthy","CS161","2","29.24","0"
"1062","Leo McCarthy","CS161","3","65.95","0"
"1062","Leo McCarthy","CS161","4","63.09","0"
"1062","Leo McCarthy","CS161","5","75.71","0"
"1062","Leo McCarthy","CS161","6","66.08","1"
"1062","Leo McCarthy","CS161","7","0","1"
"1062","Leo McCarthy","CS161","8","0","1"
"1062","Leo McCarthy","CS161","9","57.79","1"
"1062","Leo McCarthy","CS161","10","78.35","1"
"1062","Leo McCarthy","CS161","11","67.87","1"
"1062","Leo McCarthy","CS161","12","73.06","0"
"1062","Leo McCarthy","CS210","1","49.84","0"
"1062","Leo McCarthy","CS210","2","29.24","0"
"1062","Leo McCarthy","CS210","3","65.95","0"
"1062","Leo McCarthy","CS210","4","63.09","1"
"1062","Leo McCarthy","CS210","5","75.71","1"
"1062","Leo McCarthy","CS210","6","66.08","1"
"1062","Leo McCarthy","CS210","7","0","1"
"1062","Leo McCarthy","CS210","8","0","1"
"1063","Michael Sheehan","CS161","1","78.2","0"
"1063","Michael Sheehan","CS161","2","0","0"
"1063","Michael Sheehan","CS161","3","72.19","0"
"1063","Michael Sheehan","CS161","4","63.02","0"
"1063","Michael Sheehan","CS161","5","69.76","0"
"1063","Michael Sheehan","CS161","6","78.95","1"
"1063","Michael Sheehan","CS161","7","77.83","1"
"1063","Michael Sheehan","CS161","8","87.01","1"
"1063","Michael Sheehan","CS161","9","0","1"
"1063","Michael Sheehan","CS161","10","36.73","1"
"1063","Michael Sheehan","CS161","11","47.78","1"
"1063","Michael Sheehan","CS161","12","73.92","0"
"1063","Michael Sheehan","CS210","1","78.2","0"
"1063","Michael Sheehan","CS210","2","0","0"
"1063","Michael Sheehan","CS210","3","72.19","0"
"1063","Michael Sheehan","CS210","4","63.02","1"
"1063","Michael Sheehan","CS210","5","69.76","1"
"1063","Michael Sheehan","CS210","6","78.95","1"
"1063","Michael Sheehan","CS210","7","77.83","1"
"1063","Michael Sheehan","CS210","8","87.01","1"
"1064","Kate Quinn","CS161","1","60.54","0"
"1064","Kate Quinn","CS161","2","29.48","0"
"1064","Kate Quinn","CS161","3","63.6","0"
"1064","Kate Quinn","CS161","4","88.32","0"
"1064","Kate Quinn","CS161","5","0","0"
"1064","Kate Quinn","CS161","6","79.23","1"
"1064","Kate Quinn","CS161","7","81.5","1"
"1064","Kate Quinn","CS161","8","71.8","1"
"1064","Kate Quinn","CS161","9","89.23","1"
"1064","Kate Quinn","CS161","10","96.55","1"
"1064","Kate Quinn","CS161","11","73.78","1"
"1064","Kate Quinn","CS161","12","53.42","0"
"1064","Kate Quinn","CS210","1","60.54","0"
"1064","Kate Quinn","CS210","2","29.48","0"
"1064","Kate Quinn","CS210","3","63.6","0"
"1064","Kate Quinn","CS210","4","88.32","1"
"1064","Kate Quinn","CS210","5","0","1"
"1064","Kate Quinn","CS210","6","79.23","1"
"1064","Kate Quinn","CS210","7","81.5","1"
"1064","Kate Quinn","CS210","8","71.8","1"
"1065","Alex Byrne","CS161","1","69.42","0"
"1065","Alex Byrne","CS161","2","77.84","0"
"1065","Alex Byrne","CS161","3","0","0"
"1065","Alex Byrne","CS161","4","66.59","0"
"1065","Alex Byrne","CS161","5","52.05","0"
"1065","Alex Byrne","CS161","6","41.99","1"
"1065","Alex Byrne","CS161","7","76.17","1"
"1065","Alex Byrne","CS161","8","56.48","1"
"1065","Alex Byrne","CS161","9","88.52","1"
"1065","Alex Byrne","CS161","10","55.42","1"
"1065","Alex Byrne","CS161","11","57.5","1"
"1065","Alex Byrne","CS161","12","0","0"
"1065","Alex Byrne","CS210","1","69.42","0"
"1065","Alex Byrne","CS210","2","77.84","0"
"1065","Alex Byrne","CS210","3","0","0"
"1065","Alex Byrne","CS210","4","66.59","1"
"1065","Alex Byrne","CS210","5","52.05","1"
"1065","Alex Byrne","CS210","6","41.99","1"
"1065","Alex Byrne","CS210","7","76.17","1"
"1065","Alex Byrne","CS210","8","56.48","1"
"1066","Michael Sheehan","CS161","1","76.83","0"
"1066","Michael Sheehan","CS161","2","78.61","0"
"1066","Michael Sheehan","CS161","3","57.9","0"
"1066","Michael Sheehan","CS161","4","62.31","0"
"1066","Michael Sheehan","CS161","5","53.39","0"
"1066","Michael Sheehan","CS161","6","72.03","1"
"1066","Michael Sheehan","CS161","7","67.22","1"
"1066","Michael Sheehan","CS161","8","46.32","1"
"1066","Michael Sheehan","CS161","9","59.81","1"
"1066","Michael Sheehan","CS161","10","57.22","1"
"1066","Michael Sheehan","CS161","11","45.35","1"
"1066","Michael Sheehan","CS161","12","75.3","0"
"1066","Michael Sheehan","CS210","1","76.83","0"
"1066","Michael Sheehan","CS210","2","78.61","0"
"1066","Michael Sheehan","CS210","3","57.9","0"
"1066","Michael Sheehan","CS210","4","62.31","1"
"1066","Michael Sheehan","CS210","5","53.39","1"
"1066","Michael Sheehan","CS210","6","72.03","1"
"1066","Michael Sheehan","CS210","7","67.22","1"
"1066","Michael Sheehan","CS210","8","46.32","1"
"1067","Megan Quinn","CS161","1","28.56","0"
"1067","Megan Quinn","CS161","2","63.38","0"
"1067","Megan Quinn","CS161","3","49.41","0"
"1067","Megan Quinn","CS161","4","55.27","0"
"1067","Megan Quinn","CS161","5","67.89","0"
"1067","Megan Quinn","CS161","6","49.51","1"
"1067","Megan Quinn","CS161","7","71.68","1"
"1067","Megan Quinn","CS161","8","79.07","1"
"1067","Megan Quinn","CS161","9","81.2","1"
"1067","Megan Quinn","CS161","10","77.02","1"
"1067","Megan Quinn","CS161","11","50.31","1"
"1067","Megan Quinn","CS161","12","56.1","0"
"1067","Megan Quinn","CS210","1","28.56","0"
"1067","Megan Quinn","CS210","2","63.38","0"
"1067","Megan Quinn","CS210","3","49.41","0"
"1067","Megan Quinn","CS210","4","55.27","1"
"1067","Megan Quinn","CS210","5","67.89","1"
"1067","Megan Quinn","CS210","6","49.51","1"
"1067","Megan Quinn","CS210","7","71.68","1"
"1067","Megan Quinn","CS210","8","79.07","1"
"1068","Megan Smith","CS161","1","47.58","0"
"1068","Megan Smith","CS161","2","67.23","0"
"1068","Megan Smith","CS161","3","84.82","0"
"1068","Megan Smith","CS161","4","33.98","0"
"1068","Megan Smith","CS161","5","55.3","0"
"1068","Megan Smith","CS161","6","53.32","1"
"1068","Megan Smith","CS161","7","48.07","1"
"1068","Megan Smith","CS161","8","73","1"
"1068","Megan Smith","CS161","9","51.02","1"
"1068","Megan Smith","CS161","10","67.52","1"
"1068","Megan Smith","CS161","11","38.96","1"
"1068","Megan Smith","CS161","12","69.41","0"
"1068","Megan Smith","CS210","1","47.58","0"
"1068","Megan Smith","CS210","2","67.23","0"
"1068","Megan Smith","CS210","3","84.82","0"
"1068","Megan Smith","CS210","4","33.98","1"
"1068","Megan Smith","CS210","5","55.3","1"
"1068","Megan Smith","CS210","6","53.32","1"
"1068","Megan Smith","CS210","7","48.07","1"
"1068","Megan Smith","CS210","8","73","1"
"1069","Ciara Kelly","CS161","1","53.02","0"
"1069","Ciara Kelly","CS161","2","69.86","0"
"1069","Ciara Kelly","CS161","3","48.6","0"
"1069","Ciara Kelly","CS161","4","0","0"
"1069","Ciara Kelly","CS161","5","55.23","0"
"1069","Ciara Kelly","CS161","6","82.33","1"
"1069","Ciara Kelly","CS161","7","75.81","1"
"1069","Ciara Kelly","CS161","8","69.11","1"
"1069","Ciara Kelly","CS161","9","55.14","1"
"1069","Ciara Kelly","CS161","10","76.24","1"
"1069","Ciara Kelly","CS161","11","62.77","1"
"1069","Ciara Kelly","CS161","12","0","0"
"1069","Ciara Kelly","CS210","1","53.02","0"
"1069","Ciara Kelly","CS210","2","69.86","0"
"1069","Ciara Kelly","CS210","3","48.6","0"
"1069","Ciara Kelly","CS210","4","0","1"
"1069","Ciara Kelly","CS210","5","55.23","1"
"1069","Ciara Kelly","CS210","6","82.33","1"
"1069","Ciara Kelly","CS210","7","75.81","1"
"1069","Ciara Kelly","CS210","8","69.11","1"
"1070","Conor Walsh","CS161","1","35.15","0"
"1070","Conor Walsh","CS161","2","85.62","0"
"1070","Conor Walsh","CS161","3","88.95","0"
"1070","Conor Walsh","CS161","4","96.62","0"
"1070","Conor Walsh","CS161","5","89.92","0"
"1070","Conor Walsh","CS161","6","64.47","1"
"1070","Conor Walsh","CS161","7","54.35","1"
"1070","Conor Walsh","CS161","8","78.08","1"
"1070","Conor Walsh","CS161","9","82.44","1"
"1070","Conor Walsh","CS161","10","52.28","1"
"1070","Conor Walsh","CS161","11","77.14","1"
"1070","Conor Walsh","CS161","12","67.05","0"
"1070","Conor Walsh","CS210","1","35.15","0"
"1070","Conor Walsh","CS210","2","85.62","0"
"1070","Conor Walsh","CS210","3","88.95","0"
"1070","Conor Walsh","CS210","4","96.62","1"
"1070","Conor Walsh","CS210","5","89.92","1"
"1070","Conor Walsh","CS210","6","64.47","1"
"1070","Conor Walsh","CS210","7","54.35","1"
"1070","Conor Walsh","CS210","8","78.08","1"
"1071","Darragh Murphy","CS161","1","45.02","0"
"1071","Darragh Murphy","CS161","2","50.02","0"
"1071","Darragh Murphy","CS161","3","51.39","0"
"1071","Darragh Murphy","CS161","4","38.05","0"
"1071","Darragh Murphy","CS161","5","50.66","0"
"1071","Darragh Murphy","CS161","6","78.12","1"
"1071","Darragh Murphy","CS161","7","66.75","1"
"1071","Darragh Murphy","CS161","8","63.78","1"
"1071","Darragh Murphy","CS161","9","51.14","1"
"1071","Darragh Murphy","CS161","10","40.35","1"
"1071","Darragh Murphy","CS161","11","45.66","1"
"1071","Darragh Murphy","CS161","12","100","0"
"1071","Darragh Murphy","CS210","1","45.02","0"
"1071","Darragh Murphy","CS210","2","50.02","0"
"1071","Darragh Murphy","CS210","3","51.39","0"
"1071","Darragh Murphy","CS210","4","38.05","1"
"1071","Darragh Murphy","CS210","5","50.66","1"
"1071","Darragh Murphy","CS210","6","78.12","1"
"1071","Darragh Murphy","CS210","7","66.75","1"
"1071","Darragh Murphy","CS210","8","63.78","1"
"1072","Aaliyah Sheehan","CS161","1","72.72","0"
"1072","Aaliyah Sheehan","CS161","2","0","0"
"1072","Aaliyah Sheehan","CS161","3","59.74","0"
"1072","Aaliyah Sheehan","CS161","4","71.32","0"
"1072","Aaliyah Sheehan","CS161","5","56.29","0"
"1072","Aaliyah Sheehan","CS161","6","57.29","1"
"1072","Aaliyah Sheehan","CS161","7","77.7","1"
"1072","Aaliyah Sheehan","CS161","8","40.76","1"
"1072","Aaliyah Sheehan","CS161","9","61.96","1"
"1072","Aaliyah Sheehan","CS161","10","57.59","1"
"1072","Aaliyah Sheehan","CS161","11","66.74","1"
"1072","Aaliyah Sheehan","CS161","12","54.12","0"
"1072","Aaliyah Sheehan","CS210","1","72.72","0"
"1072","Aaliyah Sheehan","CS210","2","0","0"
"1072","Aaliyah Sheehan","CS210","3","59.74","0"
"1072","Aaliyah Sheehan","CS210","4","71.32","1"
"1072","Aaliyah Sheehan","CS210","5","56.29","1"
"1072","Aaliyah Sheehan","CS210","6","57.29","1"
"1072","Aaliyah Sheehan","CS210","7","77.7","1"
"1072","Aaliyah Sheehan","CS210","8","40.76","1"
"1073","Alex Doyle","CS161","1","64.46","0"
"1073","Alex Doyle","CS161","2","46.91","0"
"1073","Alex Doyle","CS161","3","80.39","0"
"1073","Alex Doyle","CS161","4","78.01","0"
"1073","Alex Doyle","CS161","5","61.74","0"
"1073","Alex Doyle","CS161","6","98.1","1"
"1073","Alex Doyle","CS161","7","54.3","1"
"1073","Alex Doyle","CS161","8","71.8","1"
"1073","Alex Doyle","CS161","9","74.94","1"
"1073","Alex Doyle","CS161","10","73.64","1"
"1073","Alex Doyle","CS161","11","84.65","1"
"1073","Alex Doyle","CS161","12","0","0"
"1073","Alex Doyle","CS210","1","64.46","0"
"1073","Alex Doyle","CS210","2","46.91","0"
"1073","Alex Doyle","CS210","3","80.39","0"
"1073","Alex Doyle","CS210","4","78.01","1"
"1073","Alex Doyle","CS210","5","61.74","1"
"1073","Alex Doyle","CS210","6","98.1","1"
"1073","Alex Doyle","CS210","7","54.3","1"
"1073","Alex Doyle","CS210","8","71.8","1"
"1074","Killian Walsh","CS161","1","70.85","0"
"1074","Killian Walsh","CS161","2","48.7","0"
"1074","Killian Walsh","CS161","3","82.24","0"
"1074","Killian Walsh","CS161","4","66.51","0"
"1074","Killian Walsh","CS161","5","45.89","0"
"1074","Killian Walsh","CS161","6","57.32","1"
"1074","Killian Walsh","CS161","7","52.34","1"
"1074","Killian Walsh","CS161","8","0","1"
"1074","Killian Walsh","CS161","9","60.83","1"
"1074","Killian Walsh","CS161","10","76.49","1"
"1074","Killian Walsh","CS161","11","65.91","1"
"1074","Killian Walsh","CS161","12","38.18","0"
"1074","Killian Walsh","CS210","1","70.85","0"
"1074","Killian Walsh","CS210","2","48.7","0"
"1074","Killian Walsh","CS210","3","82.24","0"
"1074","Killian Walsh","CS210","4","66.51","1"
"1074","Killian Walsh","CS210","5","45.89","1"
"1074","Killian Walsh","CS210","6","57.32","1"
"1074","Killian Walsh","CS210","7","52.34","1"
"1074","Killian Walsh","CS210","8","0","1"
"1075","Aaron Walsh","CS161","1","69.88","0"
"1075","Aaron Walsh","CS161","2","0","0"
"1075","Aaron Walsh","CS161","3","0","0"
"1075","Aaron Walsh","CS161","4","62.67","0"
"1075","Aaron Walsh","CS161","5","0","0"
"1075","Aaron Walsh","CS161","6","48.42","1"
"1075","Aaron Walsh","CS161","7","58.8","1"
"1075","Aaron Walsh","CS161","8","64.85","1"
"1075","Aaron Walsh","CS161","9","59.76","1"
"1075","Aaron Walsh","CS161","10","60.59","1"
"1075","Aaron Walsh","CS161","11","0","1"
"1075","Aaron Walsh","CS161","12","76.69","0"
"1075","Aaron Walsh","CS210","1","69.88","0"
"1075","Aaron Walsh","CS210","2","0","0"
"1075","Aaron Walsh","CS210","3","0","0"
"1075","Aaron Walsh","CS210","4","62.67","1"
"1075","Aaron Walsh","CS210","5","0","1"
"1075","Aaron Walsh","CS210","6","48.42","1"
"1075","Aaron Walsh","CS210","7","58.8","1"
"1075","Aaron Walsh","CS210","8","64.85","1"
"1076","Michael Sheehan","CS161","1","61.1","0"
"1076","Michael Sheehan","CS161","2","55.22","0"
"1076","Michael Sheehan","CS161","3","51.26","0"
"1076","Michael Sheehan","CS161","4","54.88","0"
"1076","Michael Sheehan","CS161","5","48.21","0"
"1076","Michael Sheehan","CS161","6","62.68","1"
"1076","Michael Sheehan","CS161","7","56.58","1"
"1076","Michael Sheehan","CS161","8","50.09","1"
"1076","Michael Sheehan","CS161","9","52.86","1"
"1076","Michael Sheehan","CS161","10","53.32","1"
"1076","Michael Sheehan","CS161","11","93.27","1"
"1076","Michael Sheehan","CS161","12","0","0"
"1076","Michael Sheehan","CS210","1","61.1","0"
"1076","Michael Sheehan","CS210","2","55.22","0"
"1076","Michael Sheehan","CS210","3","51.26","0"
"1076","Michael Sheehan","CS210","4","54.88","1"
"1076","Michael Sheehan","CS210","5","48.21","1"
"1076","Michael Sheehan","CS210","6","62.68","1"
"1076","Michael Sheehan","CS210","7","56.58","1"
"1076","Michael Sheehan","CS210","8","50.09","1"
"1077","Adam Smith","CS161","1","66.89","0"
"1077","Adam Smith","CS161","2","64.2","0"
"1077","Adam Smith","CS161","3","49.24","0"
"1077","Adam Smith","CS161","4","0","0"
"1077","Adam Smith","CS161","5","72","0"
"1077","Adam Smith","CS161","6","100","1"
"1077","Adam Smith","CS161","7","68.66","1"
"1077","Adam Smith","CS161","8","51.57","1"
"1077","Adam Smith","CS161","9","79.73","1"
"1077","Adam Smith","CS161","10","36.45","1"
"1077","Adam Smith","CS161","11","100","1"
"1077","Adam Smith","CS161","12","52.05","0"
"1077","Adam Smith","CS210","1","66.89","0"
"1077","Adam Smith","CS210","2","64.2","0"
"1077","Adam Smith","CS210","3","49.24","0"
"1077","Adam Smith","CS210","4","0","1"
"1077","Adam Smith","CS210","5","72","1"
"1077","Adam Smith","CS210","6","100","1"
"1077","Adam Smith","CS210","7","68.66","1"
"1077","Adam Smith","CS210","8","51.57","1"
"1078","Megan Walsh","CS161","1","0","0"
"1078","Megan Walsh","CS161","2","80.53","0"
"1078","Megan Walsh","CS161","3","66.47","0"
"1078","Megan Walsh","CS161","4","65.15","0"
"1078","Megan Walsh","CS161","5","70.38","0"
"1078","Megan Walsh","CS161","6","0","1"
"1078","Megan Walsh","CS161","7","88.99","1"
"1078","Megan Walsh","CS161","8","50.15","1"
"1078","Megan Walsh","CS161","9","86.03","1"
"1078","Megan Walsh","CS161","10","92.69","1"
"1078","Megan Walsh","CS161","11","57.94","1"
"1078","Megan Walsh","CS161","12","62.14","0"
"1078","Megan Walsh","CS210","1","0","0"
"1078","Megan Walsh","CS210","2","80.53","0"
"1078","Megan Walsh","CS210","3","66.47","0"
"1078","Megan Walsh","CS210","4","65.15","1"
"1078","Megan Walsh","CS210","5","70.38","1"
"1078","Megan Walsh","CS210","6","0","1"
"1078","Megan Walsh","CS210","7","88.99","1"
"1078","Megan Walsh","CS210","8","50.15","1"
"1079","Adam Quinn","CS161","1","76.96","0"
"1079","Adam Quinn","CS161","2","51.54","0"
"1079","Adam Quinn","CS161","3","75.4","0"
"1079","Adam Quinn","CS161","4","73.25","0"
"1079","Adam Quinn","CS161","5","64.74","0"
"1079","Adam Quinn","CS161","6","86.06","1"
"1079","Adam Quinn","CS161","7","60.45","1"
"1079","Adam Quinn","CS161","8","54.52","1"
"1079","Adam Quinn","CS161","9","48.8","1"
"1079","Adam Quinn","CS161","10","75.91","1"
"1079","Adam Quinn","CS161","11","0","1"
"1079","Adam Quinn","CS161","12","89.48","0"
"1079","Adam Quinn","CS210","1","76.96","0"
"1079","Adam Quinn","CS210","2","51.54","0"
"1079","Adam Quinn","CS210","3","75.4","0"
"1079","Adam Quinn","CS210","4","73.25","1"
"1079","Adam Quinn","CS210","5","64.74","1"
"1079","Adam Quinn","CS210","6","86.06","1"
"1079","Adam Quinn","CS210","7","60.45","1"
"1079","Adam Quinn","CS210","8","54.52","1"
"1080","Leo McMahon","CS161","1","79.32","0"
"1080","Leo McMahon","CS161","2","67.04","0"
"1080","Leo McMahon","CS161","3","63.77","0"
"1080","Leo McMahon","CS161","4","62.65","0"
"1080","Leo McMahon","CS161","5","69.84","0"
"1080","Leo McMahon","CS161","6","69.45","1"
"1080","Leo McMahon","CS161","7","36.81","1"
"1080","Leo McMahon","CS161","8","78.96","1"
"1080","Leo McMahon","CS161","9","60.12","1"
"1080","Leo McMahon","CS161","10","63.6","1"
"1080","Leo McMahon","CS161","11","79.85","1"
"1080","Leo McMahon","CS161","12","64.71","0"
"1080","Leo McMahon","CS210","1","79.32","0"
"1080","Leo McMahon","CS210","2","67.04","0"
"1080","Leo McMahon","CS210","3","63.77","0"
"1080","Leo McMahon","CS210","4","62.65","1"
"1080","Leo McMahon","CS210","5","69.84","1"
"1080","Leo McMahon","CS210","6","69.45","1"
"1080","Leo McMahon","CS210","7","36.81","1"
"1080","Leo McMahon","CS210","8","78.96","1"
"1081","Conor Kennedy","CS161","1","78.71","0"
"1081","Conor Kennedy","CS161","2","100","0"
"1081","Conor Kennedy","CS161","3","56.22","0"
"1081","Conor Kennedy","CS161","4","31.74","0"
"1081","Conor Kennedy","CS161","5","0","0"
"1081","Conor Kennedy","CS161","6","0","1"
"1081","Conor Kennedy","CS161","7","65.37","1"
"1081","Conor Kennedy","CS161","8","56.74","1"
"1081","Conor Kennedy","CS161","9","0","1"
"1081","Conor Kennedy","CS161","10","67.4","1"
"1081","Conor Kennedy","CS161","11","69.87","1"
"1081","Conor Kennedy","CS161","12","0","0"
"1081","Conor Kennedy","CS210","1","78.71","0"
"1081","Conor Kennedy","CS210","2","100","0"
"1081","Conor Kennedy","CS210","3","56.22","0"
"1081","Conor Kennedy","CS210","4","31.74","1"
"1081","Conor Kennedy","CS210","5","0","1"
"1081","Conor Kennedy","CS210","6","0","1"
"1081","Conor Kennedy","CS210","7","65.37","1"
"1081","Conor Kennedy","CS210","8","56.74","1"
"1082","Darragh Kelly","CS161","1","70.36","0"
"1082","Darragh Kelly","CS161","2","54.32","0"
"1082","Darragh Kelly","CS161","3","53.04","0"
"1082","Darragh Kelly","CS161","4","79.03","0"
"1082","Darragh Kelly","CS161","5","58.14","0"
"1082","Darragh Kelly","CS161","6","61.55","1"
"1082","Darragh Kelly","CS161","7","80.48","1"
"1082","Darragh Kelly","CS161","8","45.79","1"
"1082","Darragh Kelly","CS161","9","0","1"
"1082","Darragh Kelly","CS161","10","40.2","1"
"1082","Darragh Kelly","CS161","11","79.25","1"
"1082","Darragh Kelly","CS161","12","55","0"
"1082","Darragh Kelly","CS210","1","70.36","0"
"1082","Darragh Kelly","CS210","2","54.32","0"
"1082","Darragh Kelly","CS210","3","53.04","0"
"1082","Darragh Kelly","CS210","4","79.03","1"
"1082","Darragh Kelly","CS210","5","58.14","1"
"1082","Darragh Kelly","CS210","6","61.55","1"
"1082","Darragh Kelly","CS210","7","80.48","1"
"1082","Darragh Kelly","CS210","8","45.79","1"
"1083","Adam Doyle","CS161","1","53.52","0"
"1083","Adam Doyle","CS161","2","74.47","0"
"1083","Adam Doyle","CS161","3","48.88","0"
"1083","Adam Doyle","CS161","4","56.4","0"
"1083","Adam Doyle","CS161","5","77.17","0"
"1083","Adam Doyle","CS161","6","83.29","1"
"1083","Adam Doyle","CS161","7","49.15","1"
"1083","Adam Doyle","CS161","8","40.7","1"
"1083","Adam Doyle","CS161","9","0","1"
"1083","Adam Doyle","CS161","10","65","1"
"1083","Adam Doyle","CS161","11","0","1"
"1083","Adam Doyle","CS161","12","93.09","0"
"1083","Adam Doyle","CS210","1","53.52","0"
"1083","Adam Doyle","CS210","2","74.47","0"
"1083","Adam Doyle","CS210","3","48.88","0"
"1083","Adam Doyle","CS210","4","56.4","1"
"1083","Adam Doyle","CS210","5","77.17","1"
"1083","Adam Doyle","CS210","6","83.29","1"
"1083","Adam Doyle","CS210","7","49.15","1"
"1083","Adam Doyle","CS210","8","40.7","1"
"1084","Megan Ryan","CS161","1","55.17","0"
"1084","Megan Ryan","CS161","2","0","0"
"1084","Megan Ryan","CS161","3","61.52","0"
"1084","Megan Ryan","CS161","4","37.33","0"
"1084","Megan Ryan","CS161","5","0","0"
"1084","Megan Ryan","CS161","6","55.12","1"
"1084","Megan Ryan","CS161","7","71.77","1"
"1084","Megan Ryan","CS161","8","94.75","1"
"1084","Megan Ryan","CS161","9","40.73","1"
"1084","Megan Ryan","CS161","10","84.64","1"
"1084","Megan Ryan","CS161","11","94.3","1"
"1084","Megan Ryan","CS161","12","29.49","0"
"1084","Megan Ryan","CS210","1","55.17","0"
"1084","Megan Ryan","CS210","2","0","0"
"1084","Megan Ryan","CS210","3","61.52","0"
"1084","Megan Ryan","CS210","4","37.33","1"
"1084","Megan Ryan","CS210","5","0","1"
"1084","Megan Ryan","CS210","6","55.12","1"
"1084","Megan Ryan","CS210","7","71.77","1"
"1084","Megan Ryan","CS210","8","94.75","1"
"1085","Megan Kelly","CS161","1","0","0"
"1085","Megan Kelly","CS161","2","58.4","0"
"1085","Megan Kelly","CS161","3","70.74","0"
"1085","Megan Kelly","CS161","4","73.01","0"
"1085","Megan Kelly","CS161","5","68.12","0"
"1085","Megan Kelly","CS161","6","63.83","1"
"1085","Megan Kelly","CS161","7","66.1","1"
"1085","Megan Kelly","CS161","8","45.47","1"
"1085","Megan Kelly","CS161","9","70.46","1"
"1085","Megan Kelly","CS161","10","95.61","1"
"1085","Megan Kelly","CS161","11","56.56","1"
"1085","Megan Kelly","CS161","12","65.31","0"
"1085","Megan Kelly","CS210","1","0","0"
"1085","Megan Kelly","CS210","2","58.4","0"
"1085","Megan Kelly","CS210","3","70.74","0"
"1085","Megan Kelly","CS210","4","73.01","1"
"1085","Megan Kelly","CS210","5","68.12","1"
"1085","Megan Kelly","CS210","6","63.83","1"
"1085","Megan Kelly","CS210","7","66.1","1"
"1085","Megan Kelly","CS210","8","45.47","1"
"1086","Aaliyah Murphy","CS161","1","39.67","0"
"1086","Aaliyah Murphy","CS161","2","73.22","0"
"1086","Aaliyah Murphy","CS161","3","59.2","0"
"1086","Aaliyah Murphy","CS161","4","60.3","0"
"1086","Aaliyah Murphy","CS161","5","59.84","0"
"1086","Aaliyah Murphy","CS161","6","0","1"
"1086","Aaliyah Murphy","CS161","7","0","1"
"1086","Aaliyah Murphy","CS161","8","52.69","1"
"1086","Aaliyah Murphy","CS161","9","66.77","1"
"1086","Aaliyah Murphy","CS161","10","0","1"
"1086","Aaliyah Murphy","CS161","11","79.76","1"
"1086","Aaliyah Murphy","CS161","12","73.14","0"
"1086","Aaliyah Murphy","CS210","1","39.67","0"
"1086","Aaliyah Murphy","CS210","2","73.22","0"
"1086","Aaliyah Murphy","CS210","3","59.2","0"
"1086","Aaliyah Murphy","CS210","4","60.3","1"
"1086","Aaliyah Murphy","CS210","5","59.84","1"
"1086","Aaliyah Murphy","CS210","6","0","1"
"1086","Aaliyah Murphy","CS210","7","0","1"
"1086","Aaliyah Murphy","CS210","8","52.69","1"
"1087","Megan McCarthy","CS161","1","55.57","0"
"1087","Megan McCarthy","CS161","2","0","0"
"1087","Megan McCarthy","CS161","3","49.69","0"
"1087","Megan McCarthy","CS161","4","73.17","0"
"1087","Megan McCarthy","CS161","5","48.33","0"
"1087","Megan McCarthy","CS161","6","76.38","1"
"1087","Megan McCarthy","CS161","7","68.63","1"
"1087","Megan McCarthy","CS161","8","74.19","1"
"1087","Megan McCarthy","CS161","9","70.03","1"
"1087","Megan McCarthy","CS161","10","83.36","1"
"1087","Megan McCarthy","CS161","11","66.39","1"
"1087","Megan McCarthy","CS161","12","0","0"
"1087","Megan McCarthy","CS210","1","55.57","0"
"1087","Megan McCarthy","CS210","2","0","0"
"1087","Megan McCarthy","CS210","3","49.69","0"
"1087","Megan McCarthy","CS210","4","73.17","1"
"1087","Megan McCarthy","CS210","5","48.33","1"
"1087","Megan McCarthy","CS210","6","76.38","1"
"1087","Megan McCarthy","CS210","7","68.63","1"
"1087","Megan McCarthy","CS210","8","74.19","1"
"1088","Michael Kennedy","CS161","1","50.75","0"
"1088","Michael Kennedy","CS161","2","52.59","0"
"1088","Michael Kennedy","CS161","3","50.89","0"
"1088","Michael Kennedy","CS161","4","78.84","0"
"1088","Michael Kennedy","CS161","5","66.31","0"
"1088","Michael Kennedy","CS161","6","59.63","1"
"1088","Michael Kennedy","CS161","7","52.82","1"
"1088","Michael Kennedy","CS161","8","75.88","1"
"1088","Michael Kennedy","CS161","9","64.64","1"
"1088","Michael Kennedy","CS161","10","46.92","1"
"1088","Michael Kennedy","CS161","11","49.68","1"
"1088","Michael Kennedy","CS161","12","50.95","0"
"1088","Michael Kennedy","CS210","1","50.75","0"
"1088","Michael Kennedy","CS210","2","52.59","0"
"1088","Michael Kennedy","CS210","3","50.89","0"
"1088","Michael Kennedy","CS210","4","78.84","1"
"1088","Michael Kennedy","CS210","5","66.31","1"
"1088","Michael Kennedy","CS210","6","59.63","1"
"1088","Michael Kennedy","CS210","7","52.82","1"
"1088","Michael Kennedy","CS210","8","75.88","1"
"1089","Aaron McCarthy","CS161","1","60.93","0"
"1089","Aaron McCarthy","CS161","2","66.1","0"
"1089","Aaron McCarthy","CS161","3","77.53","0"
"1089","Aaron McCarthy","CS161","4","67.04","0"
"1089","Aaron McCarthy","CS161","5","68.97","0"
"1089","Aaron McCarthy","CS161","6","0","1"
"1089","Aaron McCarthy","CS161","7","70.12","1"
"1089","Aaron McCarthy","CS161","8","79.73","1"
"1089","Aaron McCarthy","CS161","9","82.97","1"
"1089","Aaron McCarthy","CS161","10","87.55","1"
"1089","Aaron McCarthy","CS161","11","65.57","1"
"1089","Aaron McCarthy","CS161","12","82.29","0"
"1089","Aaron McCarthy","CS210","1","60.93","0"
"1089","Aaron McCarthy","CS210","2","66.1","0"
"1089","Aaron McCarthy","CS210","3","77.53","0"
"1089","Aaron McCarthy","CS210","4","67.04","1"
"1089","Aaron McCarthy","CS210","5","68.97","1"
"1089","Aaron McCarthy","CS210","6","0","1"
"1089","Aaron McCarthy","CS210","7","70.12","1"
"1089","Aaron McCarthy","CS210","8","79.73","1"
"1090","Darragh Ryan","CS161","1","0","0"
"1090","Darragh Ryan","CS161","2","92.29","0"
"1090","Darragh Ryan","CS161","3","42.61","0"
"1090","Darragh Ryan","CS161","4","74.53","0"
"1090","Darragh Ryan","CS161","5","0","0"
"1090","Darragh Ryan","CS161","6","44.07","1"
"1090","Darragh Ryan","CS161","7","56.81","1"
"1090","Darragh Ryan","CS161","8","0","1"
"1090","Darragh Ryan","CS161","9","41.45","1"
"1090","Darragh Ryan","CS161","10","67.32","1"
"1090","Darragh Ryan","CS161","11","72.23","1"
"1090","Darragh Ryan","CS161","12","75.34","0"
"1090","Darragh Ryan","CS210","1","0","0"
"1090","Darragh Ryan","CS210","2","92.29","0"
"1090","Darragh Ryan","CS210","3","42.61","0"
"1090","Darragh Ryan","CS210","4","74.53","1"
"1090","Darragh Ryan","CS210","5","0","1"
"1090","Darragh Ryan","CS210","6","44.07","1"
"1090","Darragh Ryan","CS210","7","56.81","1"
"1090","Darragh Ryan","CS210","8","0","1"
"1091","Conor Doyle","CS161","1","60.96","0"
"1091","Conor Doyle","CS161","2","46.61","0"
"1091","Conor Doyle","CS161","3","75.73","0"
"1091","Conor Doyle","CS161","4","42.67","0"
"1091","Conor Doyle","CS161","5","100","0"
"1091","Conor Doyle","CS161","6","85.94","1"
"1091","Conor Doyle","CS161","7","100","1"
"1091","Conor Doyle","CS161","8","84.93","1"
"1091","Conor Doyle","CS161","9","47.2","1"
"1091","Conor Doyle","CS161","10","51.72","1"
"1091","Conor Doyle","CS161","11","66.6","1"
"1091","Conor Doyle","CS161","12","48.55","0"
"1091","Conor Doyle","CS210","1","60.96","0"
"1091","Conor Doyle","CS210","2","46.61","0"
"1091","Conor Doyle","CS210","3","75.73","0"
"1091","Conor Doyle","CS210","4","42.67","1"
"1091","Conor Doyle","CS210","5","100","1"
"1091","Conor Doyle","CS210","6","85.94","1"
"1091","Conor Doyle","CS210","7","100","1"
"1091","Conor Doyle","CS210","8","84.93","1"
"1092","Kate Kennedy","CS161","1","44.34","0"
"1092","Kate Kennedy","CS161","2","0","0"
"1092","Kate Kennedy","CS161","3","82.7","0"
"1092","Kate Kennedy","CS161","4","80.12","0"
"1092","Kate Kennedy","CS161","5","52.55","0"
"1092","Kate Kennedy","CS161","6","68.14","1"
"1092","Kate Kennedy","CS161","7","54.68","1"
"1092","Kate Kennedy","CS161","8","68.28","1"
"1092","Kate Kennedy","CS161","9","54.18","1"
"1092","Kate Kennedy","CS161","10","60.93","1"
"1092","Kate Kennedy","CS161","11","68.48","1"
"1092","Kate Kennedy","CS161","12","84.52","0"
"1092","Kate Kennedy","CS210","1","44.34","0"
"1092","Kate Kennedy","CS210","2","0","0"
"1092","Kate Kennedy","CS210","3","82.7","0"
"1092","Kate Kennedy","CS210","4","80.12","1"
"1092","Kate Kennedy","CS210","5","52.55","1"
"1092","Kate Kennedy","CS210","6","68.14","1"
"1092","Kate Kennedy","CS210","7","54.68","1"
"1092","Kate Kennedy","CS210","8","68.28","1"
"1093","Kate Murphy","CS161","1","60.86","0"
"1093","Kate Murphy","CS161","2","0","0"
"1093","Kate Murphy","CS161","3","64.67","0"
"1093","Kate Murphy","CS161","4","0","0"
"1093","Kate Murphy","CS161","5","97.45","0"
"1093","Kate Murphy","CS161","6","64.86","1"
"1093","Kate Murphy","CS161","7","95.31","1"
"1093","Kate Murphy","CS161","8","53.6","1"
"1093","Kate Murphy","CS161","9","77.39","1"
"1093","Kate Murphy","CS161","10","63.2","1"
"1093","Kate Murphy","CS161","11","96.28","1"
"1093","Kate Murphy","CS161","12","98.79","0"
"1093","Kate Murphy","CS210","1","60.86","0"
"1093","Kate Murphy","CS210","2","0","0"
"1093","Kate Murphy","CS210","3","64.67","0"
"1093","Kate Murphy","CS210","4","0","1"
"1093","Kate Murphy","CS210","5","97.45","1"
"1093","Kate Murphy","CS210","6","64.86","1"
"1093","Kate Murphy","CS210","7","95.31","1"
"1093","Kate Murphy","CS210","8","53.6","1"
"1094","Abdula Walsh","CS161","1","80.89","0"
"1094","Abdula Walsh","CS161","2","0","0"
"1094","Abdula Walsh","CS161","3","65.14","0"
"1094","Abdula Walsh","CS161","4","51.68","0"
"1094","Abdula Walsh","CS161","5","55.33","0"
"1094","Abdula Walsh","CS161","6","78.09","1"
"1094","Abdula Walsh","CS161","7","69.02","1"
"1094","Abdula Walsh","CS161","8","0","1"
"1094","Abdula Walsh","CS161","9","50.68","1"
"1094","Abdula Walsh","CS161","10","65.85","1"
"1094","Abdula Walsh","CS161","11","48.16","1"
"1094","Abdula Walsh","CS161","12","95.59","0"
"1094","Abdula Walsh","CS210","1","80.89","0"
"1094","Abdula Walsh","CS210","2","0","0"
"1094","Abdula Walsh","CS210","3","65.14","0"
"1094","Abdula Walsh","CS210","4","51.68","1"
"1094","Abdula Walsh","CS210","5","55.33","1"
"1094","Abdula Walsh","CS210","6","78.09","1"
"1094","Abdula Walsh","CS210","7","69.02","1"
"1094","Abdula Walsh","CS210","8","0","1"
"1095","Ciara Ryan","CS161","1","57.48","0"
"1095","Ciara Ryan","CS161","2","73.08","0"
"1095","Ciara Ryan","CS161","3","79.71","0"
"1095","Ciara Ryan","CS161","4","77.44","0"
"1095","Ciara Ryan","CS161","5","84.29","0"
"1095","Ciara Ryan","CS161","6","77.14","1"
"1095","Ciara Ryan","CS161","7","0","1"
"1095","Ciara Ryan","CS161","8","38.54","1"
"1095","Ciara Ryan","CS161","9","53.49","1"
"1095","Ciara Ryan","CS161","10","73.56","1"
"1095","Ciara Ryan","CS161","11","46.23","1"
"1095","Ciara Ryan","CS161","12","68.97","0"
"1095","Ciara Ryan","CS210","1","57.48","0"
"1095","Ciara Ryan","CS210","2","73.08","0"
"1095","Ciara Ryan","CS210","3","79.71","0"
"1095","Ciara Ryan","CS210","4","77.44","1"
"1095","Ciara Ryan","CS210","5","84.29","1"
"1095","Ciara Ryan","CS210","6","77.14","1"
"1095","Ciara Ryan","CS210","7","0","1"
"1095","Ciara Ryan","CS210","8","38.54","1"
"1096","Alex Kennedy","CS161","1","0","0"
"1096","Alex Kennedy","CS161","2","0","0"
"1096","Alex Kennedy","CS161","3","76.35","0"
"1096","Alex Kennedy","CS161","4","73.51","0"
"1096","Alex Kennedy","CS161","5","42.21","0"
"1096","Alex Kennedy","CS161","6","75.03","1"
"1096","Alex Kennedy","CS161","7","68.52","1"
"1096","Alex Kennedy","CS161","8","58.87","1"
"1096","Alex Kennedy","CS161","9","55.21","1"
"1096","Alex Kennedy","CS161","10","81.24","1"
"1096","Alex Kennedy","CS161","11","68.92","1"
"1096","Alex Kennedy","CS161","12","65.13","0"
"1096","Alex Kennedy","CS210","1","0","0"
"1096","Alex Kennedy","CS210","2","0","0"
"1096","Alex Kennedy","CS210","3","76.35","0"
"1096","Alex Kennedy","CS210","4","73.51","1"
"1096","Alex Kennedy","CS210","5","42.21","1"
"1096","Alex Kennedy","CS210","6","75.03","1"
"1096","Alex Kennedy","CS210","7","68.52","1"
"1096","Alex Kennedy","CS210","8","58.87","1"
"1097","Killian Smith","CS161","1","74.16","0"
"1097","Killian Smith","CS161","2","59.74","0"
"1097","Killian Smith","CS161","3","69.7","0"
"1097","Killian Smith","CS161","4","62.45","0"
"1097","Killian Smith","CS161","5","66.45","0"
"1097","Killian Smith","CS161","6","45.67","1"
"1097","Killian Smith","CS161","7","64.36","1"
"1097","Killian Smith","CS161","8","68.74","1"
"1097","Killian Smith","CS161","9","68.58","1"
"1097","Killian Smith","CS161","10","60.96","1"
"1097","Killian Smith","CS161","11","65.07","1"
"1097","Killian Smith","CS161","12","76.32","0"
"1097","Killian Smith","CS210","1","74.16","0"
"1097","Killian Smith","CS210","2","59.74","0"
"1097","Killian Smith","CS210","3","69.7","0"
"1097","Killian Smith","CS210","4","62.45","1"
"1097","Killian Smith","CS210","5","66.45","1"
"1097","Killian Smith","CS210","6","45.67","1"
"1097","Killian Smith","CS210","7","64.36","1"
"1097","Killian Smith","CS210","8","68.74","1"
"1098","Adam Moran","CS161","1","0","0"
"1098","Adam Moran","CS161","2","66.82","0"
"1098","Adam Moran","CS161","3","65.5","0"
"1098","Adam Moran","CS161","4","67.87","0"
"1098","Adam Moran","CS161","5","76.05","0"
"1098","Adam Moran","CS161","6","56.47","1"
"1098","Adam Moran","CS161","7","0","1"
"1098","Adam Moran","CS161","8","0","1"
"1098","Adam Moran","CS161","9","79.41","1"
"1098","Adam Moran","CS161","10","71.03","1"
"1098","Adam Moran","CS161","11","86.5","1"
"1098","Adam Moran","CS161","12","79.27","0"
"1098","Adam Moran","CS210","1","0","0"
"1098","Adam Moran","CS210","2","66.82","0"
"1098","Adam Moran","CS210","3","65.5","0"
"1098","Adam Moran","CS210","4","67.87","1"
"1098","Adam Moran","CS210","5","76.05","1"
"1098","Adam Moran","CS210","6","56.47","1"
"1098","Adam Moran","CS210","7","0","1"
"1098","Adam Moran","CS210","8","0","1"
"1099","Michael Moran","CS161","1","81.32","0"
"1099","Michael Moran","CS161","2","51.57","0"
"1099","Michael Moran","CS161","3","0","0"
"1099","Michael Moran","CS161","4","80.78","0"
"1099","Michael Moran","CS161","5","70.28","0"
"1099","Michael Moran","CS161","6","53.02","1"
"1099","Michael Moran","CS161","7","66.76","1"
"1099","Michael Moran","CS161","8","65.79","1"
"1099","Michael Moran","CS161","9","75.74","1"
"1099","Michael Moran","CS161","10","69.96","1"
"1099","Michael Moran","CS161","11","94.78","1"
"1099","Michael Moran","CS161","12","59.83","0"
"1099","Michael Moran","CS210","1","81.32","0"
"1099","Michael Moran","CS210","2","51.57","0"
"1099","Michael Moran","CS210","3","0","0"
"1099","Michael Moran","CS210","4","80.78","1"
"1099","Michael Moran","CS210","5","70.28","1"
"1099","Michael Moran","CS210","6","53.02","1"
"1099","Michael Moran","CS210","7","66.76","1"
"1099","Michael Moran","CS210","8","65.79","1"